name,tvt
02_01_00002,train
02_01_00009,train
02_01_00010,train
02_01_00011,train
02_01_00030,train
02_01_00031,train
02_01_00048,train
02_01_00060,train
02_01_00064,train
02_01_00068,train
02_01_00072,train
02_01_00076,train
02_01_00080,train
02_01_00084,train
02_01_00085,train
02_01_00091,train
02_01_00093,train
02_01_00096,train
02_01_00100,train
02_01_00104,train
02_01_00105,train
02_01_00113,train
02_01_00114,train
02_01_00117,train
02_01_00131,train
02_01_00139,train
02_01_00146,train
02_01_00160,train
02_01_00162,train
02_01_00177,train
02_01_00178,train
02_01_00179,train
02_01_00194,train
02_01_00197,train
02_01_00199,train
02_01_00200,train
02_01_00207,train
02_01_00210,train
02_01_00212,train
02_01_00215,train
02_01_00217,train
02_01_00222,train
02_01_00223,train
02_01_00227,train
02_01_00230,train
02_01_00247,train
02_01_00250,train
02_01_00253,train
02_01_00256,train
02_01_00265,train
02_01_00278,train
02_01_00283,train
02_01_00314,train
02_01_00315,train
02_01_00321,train
02_01_00339,train
02_01_00340,train
02_01_00347,train
02_01_00348,train
02_01_00351,train
02_01_00361,train
02_01_00364,train
02_01_00365,train
02_01_00366,train
02_01_00368,train
02_01_00369,train
02_01_00375,train
02_01_00381,train
02_01_00385,train
02_01_00388,train
02_01_00389,train
02_01_00414,train
02_01_00417,train
02_01_00426,train
02_01_00429,train
02_01_00435,train
02_01_00436,train
02_01_00440,train
02_01_00447,train
02_01_00448,train
02_01_00452,train
02_01_00463,train
02_01_00474,train
02_01_00476,train
02_01_00478,train
02_01_00479,train
02_01_00486,train
02_01_00487,train
02_01_00488,train
02_01_00492,train
02_01_00502,train
02_01_00505,train
02_01_00508,train
02_01_00511,train
02_01_00512,train
02_01_00513,train
02_01_00516,train
02_01_00519,train
02_01_00531,train
02_01_00534,train
02_01_00540,train
02_01_00547,train
02_01_00556,train
02_01_00565,train
02_01_00570,train
02_01_00582,train
02_01_00588,train
02_01_00614,train
02_01_00616,train
02_01_00622,train
02_01_00632,train
02_01_00637,train
02_01_00640,train
02_01_00645,train
02_01_00651,train
02_01_00657,train
02_01_00660,train
02_01_00662,train
02_01_00672,train
02_01_00673,train
02_01_00679,train
02_01_00687,train
02_01_00691,train
02_01_00697,train
02_01_00700,train
02_01_00710,train
02_01_00724,train
02_01_00728,train
02_01_00745,train
02_01_00750,train
02_01_00809,train
02_01_00822,train
02_01_00850,train
02_01_00856,train
02_01_00892,train
02_01_00908,train
02_01_00910,train
02_02_00003,train
02_02_00016,train
02_02_00020,train
02_02_00033,train
02_02_00037,train
02_02_00060,train
02_02_00071,train
02_02_00073,train
02_02_00082,train
02_02_00096,train
02_02_00099,train
02_02_00103,train
02_02_00109,train
02_02_00111,train
02_02_00123,train
02_02_00130,train
02_02_00131,train
02_02_00132,train
02_02_00135,train
02_02_00164,train
02_02_00181,train
02_02_00201,train
02_02_00211,train
02_02_00215,train
02_02_00222,train
02_02_00230,train
02_02_00261,train
02_02_00269,train
02_02_00287,train
02_02_00301,train
02_02_00315,train
02_02_00331,train
02_02_00344,train
02_02_00348,train
02_02_00390,train
02_02_00407,train
02_02_00428,train
02_02_00431,train
02_02_00461,train
02_02_00462,train
02_02_00468,train
02_02_00473,train
02_02_00479,train
02_02_00484,train
02_02_00486,train
02_02_00490,train
02_02_00494,train
02_02_00497,train
02_02_00535,train
02_02_00550,train
02_02_00573,train
02_02_00580,train
02_02_00589,train
02_02_00630,train
02_02_00642,train
02_02_00646,train
02_02_00648,train
02_02_00651,train
02_02_00711,train
02_02_00725,train
02_02_00729,train
02_02_00730,train
02_02_00739,train
02_02_00740,train
02_02_00741,train
02_02_00749,train
02_02_00761,train
02_02_00769,train
02_02_00771,train
02_02_00775,train
02_02_00780,train
02_02_00782,train
02_02_00794,train
02_02_00797,train
02_02_00817,train
02_02_00819,train
02_02_00820,train
02_02_00830,train
02_02_00841,train
02_02_00846,train
02_02_00859,train
02_02_00863,train
02_02_00970,train
02_02_00983,train
02_02_00984,train
02_02_01011,train
02_02_01019,train
02_02_01029,train
02_02_01032,train
02_02_01033,train
02_02_01037,train
02_02_01040,train
02_02_01046,train
02_02_01071,train
02_02_01079,train
02_02_01083,train
02_02_01088,train
02_02_01104,train
02_02_01106,train
02_02_01118,train
02_02_01148,train
02_02_01174,train
02_02_01186,train
02_02_01188,train
02_02_01202,train
02_02_01205,train
02_02_01216,train
02_02_01221,train
02_02_01225,train
02_02_01241,train
02_02_01276,train
02_02_01286,train
02_02_01301,train
02_02_01303,train
02_02_01304,train
02_02_01319,train
02_02_01322,train
02_02_01328,train
02_02_01353,train
02_02_01416,train
02_02_01424,train
02_02_01439,train
02_02_01497,train
02_02_01501,train
02_02_01540,train
02_02_01555,train
02_02_01624,train
02_02_01629,train
02_02_01630,train
02_02_01639,train
02_02_01640,train
02_02_01642,train
02_02_01661,train
02_02_01664,train
02_02_01712,train
02_02_01760,train
02_04_00010,train
02_04_00021,train
02_04_00023,train
02_04_00044,train
02_04_00047,train
02_04_00103,train
02_04_00108,train
02_04_00109,train
02_04_00116,train
02_04_00132,train
02_04_00137,train
02_04_00140,train
02_04_00230,train
02_04_00239,train
02_04_00245,train
02_04_00279,train
02_04_00313,train
02_04_00324,train
02_04_00330,train
02_04_00361,train
02_04_00388,train
02_04_00404,train
02_04_00410,train
02_04_00416,train
02_04_00428,train
02_04_00434,train
02_04_00435,train
02_04_00437,train
02_04_00439,train
02_04_00451,train
02_04_00455,train
02_04_00480,train
02_04_00482,train
02_04_00484,train
02_04_00518,train
02_04_00523,train
02_04_00554,train
02_04_00559,train
02_04_00592,train
02_04_00625,train
02_04_00628,train
02_04_00633,train
02_04_00636,train
02_04_00651,train
02_04_00663,train
02_04_00680,train
02_04_00684,train
02_04_00686,train
02_04_00692,train
02_04_00702,train
02_04_00707,train
02_04_00709,train
02_04_00730,train
02_04_00764,train
02_04_00767,train
02_04_00795,train
02_04_00796,train
02_04_00800,train
02_04_00816,train
02_04_00817,train
02_04_00842,train
02_04_00858,train
02_04_00861,train
02_04_00866,train
02_04_00870,train
02_04_00883,train
02_04_00885,train
02_04_00900,train
02_04_00906,train
02_04_00927,train
02_04_00936,train
02_04_00958,train
02_04_00966,train
02_04_00967,train
02_04_00970,train
02_04_00978,train
02_04_01024,train
02_04_01026,train
02_04_01044,train
02_04_01045,train
02_04_01065,train
02_04_01071,train
02_04_01072,train
02_04_01076,train
02_04_01086,train
02_04_01098,train
02_04_01121,train
02_04_01139,train
02_04_01144,train
02_04_01153,train
02_04_01170,train
02_04_01185,train
02_04_01201,train
02_04_01213,train
02_04_01221,train
02_04_01224,train
02_04_01244,train
02_04_01246,train
02_04_01264,train
02_04_01267,train
02_01_00001,train
02_01_00003,train
02_01_00004,train
02_01_00005,train
02_01_00006,train
02_01_00007,train
02_01_00008,train
02_01_00012,train
02_01_00013,train
02_01_00014,train
02_01_00015,train
02_01_00016,train
02_01_00017,train
02_01_00020,train
02_01_00022,train
02_01_00024,train
02_01_00025,train
02_01_00026,train
02_01_00027,train
02_01_00028,train
02_01_00032,train
02_01_00033,train
02_01_00034,train
02_01_00035,train
02_01_00036,train
02_01_00037,train
02_01_00038,train
02_01_00039,train
02_01_00041,train
02_01_00042,train
02_01_00045,train
02_01_00047,train
02_01_00049,train
02_01_00050,train
02_01_00051,train
02_01_00052,train
02_01_00053,train
02_01_00056,train
02_01_00057,train
02_01_00059,train
02_01_00062,train
02_01_00063,train
02_01_00065,train
02_01_00066,train
02_01_00067,train
02_01_00070,train
02_01_00073,train
02_01_00074,train
02_01_00075,train
02_01_00078,train
02_01_00081,train
02_01_00083,train
02_01_00086,train
02_01_00087,train
02_01_00088,train
02_01_00089,train
02_01_00090,train
02_01_00092,train
02_01_00094,train
02_01_00095,train
02_01_00097,train
02_01_00099,train
02_01_00101,train
02_01_00103,train
02_01_00107,train
02_01_00108,train
02_01_00109,train
02_01_00110,train
02_01_00112,train
02_01_00115,train
02_01_00120,train
02_01_00121,train
02_01_00123,train
02_01_00124,train
02_01_00125,train
02_01_00126,train
02_01_00127,train
02_01_00129,train
02_01_00130,train
02_01_00132,train
02_01_00134,train
02_01_00135,train
02_01_00136,train
02_01_00137,train
02_01_00140,train
02_01_00141,train
02_01_00142,train
02_01_00143,train
02_01_00147,train
02_01_00148,train
02_01_00149,train
02_01_00150,train
02_01_00152,train
02_01_00153,train
02_01_00156,train
02_01_00157,train
02_01_00158,train
02_01_00159,train
02_01_00161,train
02_01_00163,train
02_01_00164,train
02_01_00165,train
02_01_00166,train
02_01_00167,train
02_01_00168,train
02_01_00170,train
02_01_00172,train
02_01_00173,train
02_01_00174,train
02_01_00175,train
02_01_00176,train
02_01_00180,train
02_01_00181,train
02_01_00182,train
02_01_00186,train
02_01_00187,train
02_01_00188,train
02_01_00189,train
02_01_00190,train
02_01_00192,train
02_01_00193,train
02_01_00195,train
02_01_00196,train
02_01_00198,train
02_01_00201,train
02_01_00204,train
02_01_00205,train
02_01_00206,train
02_01_00208,train
02_01_00213,train
02_01_00218,train
02_01_00219,train
02_01_00220,train
02_01_00224,train
02_01_00226,train
02_01_00231,train
02_01_00235,train
02_01_00236,train
02_01_00237,train
02_01_00238,train
02_01_00239,train
02_01_00243,train
02_01_00244,train
02_01_00245,train
02_01_00246,train
02_01_00248,train
02_01_00249,train
02_01_00251,train
02_01_00252,train
02_01_00255,train
02_01_00257,train
02_01_00259,train
02_01_00260,train
02_01_00261,train
02_01_00262,train
02_01_00266,train
02_01_00267,train
02_01_00269,train
02_01_00270,train
02_01_00272,train
02_01_00275,train
02_01_00276,train
02_01_00280,train
02_01_00282,train
02_01_00284,train
02_01_00285,train
02_01_00292,train
02_01_00293,train
02_01_00294,train
02_01_00295,train
02_01_00296,train
02_01_00298,train
02_01_00299,train
02_01_00300,train
02_01_00301,train
02_01_00302,train
02_01_00303,train
02_01_00304,train
02_01_00305,train
02_01_00306,train
02_01_00307,train
02_01_00308,train
02_01_00309,train
02_01_00310,train
02_01_00311,train
02_01_00312,train
02_01_00316,train
02_01_00317,train
02_01_00318,train
02_01_00319,train
02_01_00320,train
02_01_00322,train
02_01_00323,train
02_01_00324,train
02_01_00325,train
02_01_00326,train
02_01_00327,train
02_01_00331,train
02_01_00332,train
02_01_00333,train
02_01_00335,train
02_01_00336,train
02_01_00337,train
02_01_00338,train
02_01_00342,train
02_01_00343,train
02_01_00344,train
02_01_00346,train
02_01_00349,train
02_01_00350,train
02_01_00352,train
02_01_00353,train
02_01_00354,train
02_01_00355,train
02_01_00356,train
02_01_00357,train
02_01_00359,train
02_01_00370,train
02_01_00371,train
02_01_00373,train
02_01_00374,train
02_01_00377,train
02_01_00379,train
02_01_00383,train
02_01_00384,train
02_01_00386,train
02_01_00390,train
02_01_00393,train
02_01_00394,train
02_01_00397,train
02_01_00398,train
02_01_00399,train
02_01_00401,train
02_01_00402,train
02_01_00404,train
02_01_00405,train
02_01_00406,train
02_01_00407,train
02_01_00408,train
02_01_00409,train
02_01_00411,train
02_01_00412,train
02_01_00416,train
02_01_00418,train
02_01_00419,train
02_01_00422,train
02_01_00423,train
02_01_00424,train
02_01_00427,train
02_01_00428,train
02_01_00431,train
02_01_00432,train
02_01_00433,train
02_01_00434,train
02_01_00437,train
02_01_00438,train
02_01_00439,train
02_01_00441,train
02_01_00442,train
02_01_00443,train
02_01_00445,train
02_01_00446,train
02_01_00449,train
02_01_00450,train
02_01_00453,train
02_01_00454,train
02_01_00456,train
02_01_00457,train
02_01_00460,train
02_01_00464,train
02_01_00465,train
02_01_00466,train
02_01_00468,train
02_01_00469,train
02_01_00470,train
02_01_00471,train
02_01_00472,train
02_01_00473,train
02_01_00475,train
02_01_00477,train
02_01_00480,train
02_01_00481,train
02_01_00484,train
02_01_00485,train
02_01_00490,train
02_01_00491,train
02_01_00494,train
02_01_00496,train
02_01_00498,train
02_01_00499,train
02_01_00500,train
02_01_00501,train
02_01_00503,train
02_01_00504,train
02_01_00506,train
02_01_00507,train
02_01_00509,train
02_01_00515,train
02_01_00518,train
02_01_00521,train
02_01_00522,train
02_01_00524,train
02_01_00527,train
02_01_00528,train
02_01_00530,train
02_01_00533,train
02_01_00535,train
02_01_00536,train
02_01_00537,train
02_01_00539,train
02_01_00541,train
02_01_00542,train
02_01_00543,train
02_01_00544,train
02_01_00549,train
02_01_00552,train
02_01_00555,train
02_01_00557,train
02_01_00558,train
02_01_00560,train
02_01_00562,train
02_01_00568,train
02_01_00572,train
02_01_00575,train
02_01_00576,train
02_01_00577,train
02_01_00578,train
02_01_00580,train
02_01_00581,train
02_01_00583,train
02_01_00584,train
02_01_00587,train
02_01_00589,train
02_01_00590,train
02_01_00591,train
02_01_00593,train
02_01_00594,train
02_01_00595,train
02_01_00596,train
02_01_00597,train
02_01_00600,train
02_01_00604,train
02_01_00606,train
02_01_00608,train
02_01_00611,train
02_01_00612,train
02_01_00613,train
02_01_00617,train
02_01_00618,train
02_01_00620,train
02_01_00625,train
02_01_00626,train
02_01_00628,train
02_01_00629,train
02_01_00631,train
02_01_00634,train
02_01_00635,train
02_01_00636,train
02_01_00639,train
02_01_00641,train
02_01_00647,train
02_01_00648,train
02_01_00649,train
02_01_00652,train
02_01_00658,train
02_01_00659,train
02_01_00661,train
02_01_00664,train
02_01_00667,train
02_01_00668,train
02_01_00670,train
02_01_00674,train
02_01_00676,train
02_01_00677,train
02_01_00678,train
02_01_00680,train
02_01_00683,train
02_01_00684,train
02_01_00685,train
02_01_00686,train
02_01_00692,train
02_01_00693,train
02_01_00694,train
02_01_00698,train
02_01_00701,train
02_01_00702,train
02_01_00704,train
02_01_00705,train
02_01_00706,train
02_01_00707,train
02_01_00712,train
02_01_00713,train
02_01_00717,train
02_01_00719,train
02_01_00720,train
02_01_00721,train
02_01_00723,train
02_01_00725,train
02_01_00726,train
02_01_00727,train
02_01_00729,train
02_01_00730,train
02_01_00731,train
02_01_00732,train
02_01_00736,train
02_01_00737,train
02_01_00738,train
02_01_00744,train
02_01_00749,train
02_01_00752,train
02_01_00755,train
02_01_00757,train
02_01_00759,train
02_01_00760,train
02_01_00762,train
02_01_00765,train
02_01_00766,train
02_01_00768,train
02_01_00771,train
02_01_00774,train
02_01_00775,train
02_01_00777,train
02_01_00780,train
02_01_00781,train
02_01_00786,train
02_01_00787,train
02_01_00789,train
02_01_00790,train
02_01_00792,train
02_01_00794,train
02_01_00798,train
02_01_00799,train
02_01_00800,train
02_01_00801,train
02_01_00802,train
02_01_00804,train
02_01_00810,train
02_01_00811,train
02_01_00812,train
02_01_00813,train
02_01_00816,train
02_01_00819,train
02_01_00820,train
02_01_00821,train
02_01_00824,train
02_01_00825,train
02_01_00827,train
02_01_00830,train
02_01_00831,train
02_01_00832,train
02_01_00833,train
02_01_00836,train
02_01_00839,train
02_01_00841,train
02_01_00842,train
02_01_00843,train
02_01_00845,train
02_01_00848,train
02_01_00852,train
02_01_00853,train
02_01_00855,train
02_01_00859,train
02_01_00860,train
02_01_00861,train
02_01_00865,train
02_01_00866,train
02_01_00867,train
02_01_00868,train
02_01_00869,train
02_01_00871,train
02_01_00872,train
02_01_00873,train
02_01_00874,train
02_01_00875,train
02_01_00877,train
02_01_00881,train
02_01_00882,train
02_01_00886,train
02_01_00887,train
02_01_00889,train
02_01_00890,train
02_01_00891,train
02_01_00894,train
02_01_00895,train
02_01_00896,train
02_01_00900,train
02_01_00901,train
02_01_00902,train
02_01_00903,train
02_01_00905,train
02_01_00907,train
02_01_00909,train
02_01_00911,train
02_01_00914,train
02_01_00915,train
02_01_00916,train
02_01_00917,train
02_01_00918,train
02_01_00919,train
02_01_00920,train
02_01_00922,train
02_01_00924,train
02_01_00926,train
02_01_00928,train
02_01_00930,train
02_01_00933,train
02_01_00939,train
02_01_00940,train
02_01_00941,train
02_01_00942,train
02_01_00944,train
02_01_00947,train
02_01_00949,train
02_01_00951,train
02_01_00952,train
02_01_00954,train
02_01_00958,train
02_01_00961,train
02_01_00964,train
02_01_00969,train
02_01_00970,train
02_01_00972,train
02_01_00973,train
02_01_00974,train
02_01_00975,train
02_01_00976,train
02_01_00978,train
02_01_00980,train
02_01_00981,train
02_01_00982,train
02_01_00984,train
02_01_00988,train
02_01_00989,train
02_01_00990,train
02_01_00992,train
02_01_00994,train
02_01_00997,train
02_01_00998,train
02_01_01000,train
02_01_01001,train
02_01_01002,train
02_01_01004,train
02_01_01006,train
02_01_01007,train
02_01_01008,train
02_01_01010,train
02_01_01013,train
02_01_01014,train
02_01_01016,train
02_01_01019,train
02_01_01021,train
02_01_01024,train
02_01_01025,train
02_01_01033,train
02_01_01034,train
02_01_01035,train
02_01_01037,train
02_01_01038,train
02_01_01039,train
02_01_01040,train
02_01_01041,train
02_01_01042,train
02_01_01043,train
02_01_01044,train
02_01_01045,train
02_01_01046,train
02_01_01048,train
02_01_01050,train
02_01_01052,train
02_01_01053,train
02_01_01054,train
02_01_01055,train
02_01_01056,train
02_01_01057,train
02_01_01058,train
02_01_01059,train
02_01_01060,train
02_01_01061,train
02_01_01062,train
02_01_01063,train
02_01_01064,train
02_01_01067,train
02_01_01070,train
02_01_01072,train
02_01_01077,train
02_01_01079,train
02_01_01080,train
02_01_01081,train
02_01_01084,train
02_01_01089,train
02_01_01091,train
02_01_01094,train
02_01_01095,train
02_01_01098,train
02_01_01101,train
02_01_01103,train
02_01_01105,train
02_01_01106,train
02_01_01108,train
02_01_01109,train
02_01_01110,train
02_01_01112,train
02_01_01114,train
02_01_01115,train
02_01_01116,train
02_01_01120,train
02_01_01122,train
02_01_01123,train
02_01_01124,train
02_01_01125,train
02_01_01130,train
02_01_01132,train
02_01_01133,train
02_01_01135,train
02_01_01136,train
02_01_01137,train
02_01_01140,train
02_01_01144,train
02_01_01148,train
02_01_01152,train
02_01_01159,train
02_01_01160,train
02_01_01161,train
02_01_01163,train
02_01_01165,train
02_01_01166,train
02_01_01169,train
02_01_01170,train
02_01_01174,train
02_01_01175,train
02_01_01176,train
02_01_01179,train
02_01_01180,train
02_01_01181,train
02_01_01182,train
02_01_01185,train
02_01_01186,train
02_01_01187,train
02_01_01188,train
02_01_01189,train
02_01_01191,train
02_01_01193,train
02_01_01194,train
02_01_01195,train
02_01_01196,train
02_01_01200,train
02_01_01201,train
02_01_01202,train
02_01_01204,train
02_01_01205,train
02_01_01206,train
02_01_01207,train
02_01_01208,train
02_01_01209,train
02_01_01212,train
02_01_01214,train
02_01_01220,train
02_01_01221,train
02_01_01223,train
02_01_01224,train
02_01_01226,train
02_01_01227,train
02_01_01230,train
02_01_01231,train
02_01_01235,train
02_01_01240,train
02_01_01243,train
02_01_01245,train
02_01_01246,train
02_01_01251,train
02_01_01252,train
02_01_01254,train
02_01_01255,train
02_01_01256,train
02_01_01257,train
02_01_01259,train
02_01_01260,train
02_01_01262,train
02_01_01264,train
02_01_01265,train
02_01_01267,train
02_01_01269,train
02_01_01270,train
02_01_01272,train
02_01_01273,train
02_01_01279,train
02_01_01281,train
02_01_01282,train
02_01_01285,train
02_01_01286,train
02_01_01287,train
02_01_01288,train
02_01_01289,train
02_01_01290,train
02_01_01295,train
02_01_01296,train
02_01_01299,train
02_01_01301,train
02_01_01302,train
02_01_01304,train
02_01_01305,train
02_01_01308,train
02_01_01309,train
02_01_01310,train
02_01_01313,train
02_01_01314,train
02_01_01315,train
02_01_01317,train
02_01_01318,train
02_01_01321,train
02_01_01322,train
02_01_01325,train
02_01_01327,train
02_01_01328,train
02_01_01329,train
02_01_01330,train
02_01_01331,train
02_01_01332,train
02_01_01333,train
02_01_01335,train
02_02_00002,train
02_02_00004,train
02_02_00005,train
02_02_00007,train
02_02_00008,train
02_02_00011,train
02_02_00012,train
02_02_00013,train
02_02_00015,train
02_02_00017,train
02_02_00018,train
02_02_00019,train
02_02_00021,train
02_02_00022,train
02_02_00025,train
02_02_00026,train
02_02_00027,train
02_02_00029,train
02_02_00032,train
02_02_00034,train
02_02_00035,train
02_02_00036,train
02_02_00039,train
02_02_00040,train
02_02_00043,train
02_02_00045,train
02_02_00046,train
02_02_00047,train
02_02_00048,train
02_02_00049,train
02_02_00050,train
02_02_00055,train
02_02_00056,train
02_02_00057,train
02_02_00058,train
02_02_00059,train
02_02_00061,train
02_02_00062,train
02_02_00064,train
02_02_00067,train
02_02_00069,train
02_02_00070,train
02_02_00075,train
02_02_00076,train
02_02_00077,train
02_02_00078,train
02_02_00080,train
02_02_00081,train
02_02_00083,train
02_02_00084,train
02_02_00085,train
02_02_00086,train
02_02_00087,train
02_02_00089,train
02_02_00091,train
02_02_00093,train
02_02_00094,train
02_02_00095,train
02_02_00097,train
02_02_00098,train
02_02_00100,train
02_02_00102,train
02_02_00104,train
02_02_00106,train
02_02_00108,train
02_02_00113,train
02_02_00114,train
02_02_00115,train
02_02_00116,train
02_02_00117,train
02_02_00122,train
02_02_00124,train
02_02_00125,train
02_02_00126,train
02_02_00134,train
02_02_00139,train
02_02_00140,train
02_02_00142,train
02_02_00144,train
02_02_00145,train
02_02_00146,train
02_02_00147,train
02_02_00149,train
02_02_00151,train
02_02_00153,train
02_02_00154,train
02_02_00157,train
02_02_00159,train
02_02_00160,train
02_02_00161,train
02_02_00162,train
02_02_00163,train
02_02_00167,train
02_02_00169,train
02_02_00170,train
02_02_00171,train
02_02_00172,train
02_02_00173,train
02_02_00176,train
02_02_00177,train
02_02_00178,train
02_02_00182,train
02_02_00184,train
02_02_00185,train
02_02_00187,train
02_02_00189,train
02_02_00190,train
02_02_00191,train
02_02_00192,train
02_02_00195,train
02_02_00198,train
02_02_00200,train
02_02_00202,train
02_02_00203,train
02_02_00204,train
02_02_00205,train
02_02_00209,train
02_02_00210,train
02_02_00212,train
02_02_00213,train
02_02_00214,train
02_02_00216,train
02_02_00217,train
02_02_00219,train
02_02_00220,train
02_02_00221,train
02_02_00223,train
02_02_00224,train
02_02_00225,train
02_02_00226,train
02_02_00227,train
02_02_00228,train
02_02_00229,train
02_02_00231,train
02_02_00232,train
02_02_00233,train
02_02_00234,train
02_02_00235,train
02_02_00236,train
02_02_00238,train
02_02_00240,train
02_02_00242,train
02_02_00243,train
02_02_00244,train
02_02_00245,train
02_02_00246,train
02_02_00247,train
02_02_00252,train
02_02_00254,train
02_02_00255,train
02_02_00256,train
02_02_00257,train
02_02_00258,train
02_02_00259,train
02_02_00262,train
02_02_00263,train
02_02_00264,train
02_02_00265,train
02_02_00266,train
02_02_00267,train
02_02_00268,train
02_02_00270,train
02_02_00271,train
02_02_00272,train
02_02_00273,train
02_02_00274,train
02_02_00275,train
02_02_00279,train
02_02_00281,train
02_02_00282,train
02_02_00283,train
02_02_00284,train
02_02_00285,train
02_02_00292,train
02_02_00297,train
02_02_00303,train
02_02_00305,train
02_02_00306,train
02_02_00307,train
02_02_00311,train
02_02_00312,train
02_02_00313,train
02_02_00314,train
02_02_00316,train
02_02_00317,train
02_02_00318,train
02_02_00319,train
02_02_00320,train
02_02_00323,train
02_02_00324,train
02_02_00325,train
02_02_00327,train
02_02_00328,train
02_02_00329,train
02_02_00330,train
02_02_00332,train
02_02_00334,train
02_02_00335,train
02_02_00336,train
02_02_00337,train
02_02_00338,train
02_02_00340,train
02_02_00341,train
02_02_00345,train
02_02_00347,train
02_02_00351,train
02_02_00352,train
02_02_00353,train
02_02_00354,train
02_02_00356,train
02_02_00357,train
02_02_00358,train
02_02_00359,train
02_02_00360,train
02_02_00361,train
02_02_00364,train
02_02_00366,train
02_02_00367,train
02_02_00368,train
02_02_00369,train
02_02_00373,train
02_02_00374,train
02_02_00375,train
02_02_00380,train
02_02_00382,train
02_02_00383,train
02_02_00384,train
02_02_00386,train
02_02_00389,train
02_02_00391,train
02_02_00392,train
02_02_00393,train
02_02_00394,train
02_02_00395,train
02_02_00396,train
02_02_00397,train
02_02_00398,train
02_02_00399,train
02_02_00402,train
02_02_00403,train
02_02_00404,train
02_02_00405,train
02_02_00406,train
02_02_00408,train
02_02_00410,train
02_02_00416,train
02_02_00417,train
02_02_00419,train
02_02_00421,train
02_02_00422,train
02_02_00423,train
02_02_00425,train
02_02_00426,train
02_02_00427,train
02_02_00429,train
02_02_00432,train
02_02_00433,train
02_02_00434,train
02_02_00435,train
02_02_00436,train
02_02_00437,train
02_02_00438,train
02_02_00439,train
02_02_00440,train
02_02_00444,train
02_02_00446,train
02_02_00447,train
02_02_00448,train
02_02_00449,train
02_02_00450,train
02_02_00451,train
02_02_00452,train
02_02_00453,train
02_02_00454,train
02_02_00456,train
02_02_00457,train
02_02_00458,train
02_02_00459,train
02_02_00460,train
02_02_00463,train
02_02_00465,train
02_02_00466,train
02_02_00467,train
02_02_00469,train
02_02_00470,train
02_02_00471,train
02_02_00472,train
02_02_00474,train
02_02_00480,train
02_02_00481,train
02_02_00483,train
02_02_00485,train
02_02_00487,train
02_02_00488,train
02_02_00489,train
02_02_00492,train
02_02_00493,train
02_02_00496,train
02_02_00498,train
02_02_00499,train
02_02_00500,train
02_02_00502,train
02_02_00503,train
02_02_00504,train
02_02_00506,train
02_02_00507,train
02_02_00510,train
02_02_00511,train
02_02_00512,train
02_02_00515,train
02_02_00516,train
02_02_00518,train
02_02_00521,train
02_02_00522,train
02_02_00523,train
02_02_00526,train
02_02_00528,train
02_02_00532,train
02_02_00533,train
02_02_00534,train
02_02_00536,train
02_02_00537,train
02_02_00538,train
02_02_00539,train
02_02_00540,train
02_02_00543,train
02_02_00545,train
02_02_00546,train
02_02_00547,train
02_02_00551,train
02_02_00552,train
02_02_00553,train
02_02_00554,train
02_02_00556,train
02_02_00558,train
02_02_00560,train
02_02_00561,train
02_02_00562,train
02_02_00563,train
02_02_00564,train
02_02_00568,train
02_02_00570,train
02_02_00572,train
02_02_00574,train
02_02_00575,train
02_02_00576,train
02_02_00577,train
02_02_00578,train
02_02_00579,train
02_02_00581,train
02_02_00582,train
02_02_00584,train
02_02_00585,train
02_02_00586,train
02_02_00591,train
02_02_00594,train
02_02_00595,train
02_02_00598,train
02_02_00599,train
02_02_00600,train
02_02_00601,train
02_02_00603,train
02_02_00604,train
02_02_00606,train
02_02_00607,train
02_02_00608,train
02_02_00609,train
02_02_00610,train
02_02_00611,train
02_02_00612,train
02_02_00614,train
02_02_00615,train
02_02_00617,train
02_02_00618,train
02_02_00619,train
02_02_00621,train
02_02_00622,train
02_02_00624,train
02_02_00625,train
02_02_00626,train
02_02_00629,train
02_02_00632,train
02_02_00633,train
02_02_00634,train
02_02_00636,train
02_02_00637,train
02_02_00639,train
02_02_00640,train
02_02_00644,train
02_02_00645,train
02_02_00649,train
02_02_00652,train
02_02_00653,train
02_02_00656,train
02_02_00658,train
02_02_00659,train
02_02_00662,train
02_02_00663,train
02_02_00664,train
02_02_00665,train
02_02_00668,train
02_02_00670,train
02_02_00672,train
02_02_00673,train
02_02_00678,train
02_02_00683,train
02_02_00686,train
02_02_00687,train
02_02_00689,train
02_02_00691,train
02_02_00692,train
02_02_00693,train
02_02_00695,train
02_02_00697,train
02_02_00698,train
02_02_00700,train
02_02_00701,train
02_02_00702,train
02_02_00703,train
02_02_00705,train
02_02_00706,train
02_02_00707,train
02_02_00708,train
02_02_00710,train
02_02_00712,train
02_02_00713,train
02_02_00715,train
02_02_00716,train
02_02_00717,train
02_02_00727,train
02_02_00731,train
02_02_00736,train
02_02_00742,train
02_02_00743,train
02_02_00744,train
02_02_00748,train
02_02_00750,train
02_02_00754,train
02_02_00756,train
02_02_00757,train
02_02_00758,train
02_02_00759,train
02_02_00760,train
02_02_00764,train
02_02_00765,train
02_02_00766,train
02_02_00768,train
02_02_00770,train
02_02_00772,train
02_02_00773,train
02_02_00774,train
02_02_00784,train
02_02_00785,train
02_02_00787,train
02_02_00788,train
02_02_00789,train
02_02_00791,train
02_02_00792,train
02_02_00793,train
02_02_00795,train
02_02_00801,train
02_02_00802,train
02_02_00803,train
02_02_00804,train
02_02_00806,train
02_02_00808,train
02_02_00809,train
02_02_00810,train
02_02_00811,train
02_02_00816,train
02_02_00818,train
02_02_00823,train
02_02_00825,train
02_02_00840,train
02_02_00842,train
02_02_00843,train
02_02_00844,train
02_02_00845,train
02_02_00848,train
02_02_00850,train
02_02_00852,train
02_02_00853,train
02_02_00855,train
02_02_00856,train
02_02_00858,train
02_02_00860,train
02_02_00862,train
02_02_00864,train
02_02_00865,train
02_02_00866,train
02_02_00867,train
02_02_00868,train
02_02_00869,train
02_02_00876,train
02_02_00877,train
02_02_00878,train
02_02_00879,train
02_02_00881,train
02_02_00882,train
02_02_00884,train
02_02_00885,train
02_02_00886,train
02_02_00888,train
02_02_00898,train
02_02_00899,train
02_02_00900,train
02_02_00901,train
02_02_00903,train
02_02_00907,train
02_02_00909,train
02_02_00910,train
02_02_00912,train
02_02_00913,train
02_02_00916,train
02_02_00917,train
02_02_00918,train
02_02_00924,train
02_02_00925,train
02_02_00932,train
02_02_00933,train
02_02_00934,train
02_02_00935,train
02_02_00936,train
02_02_00937,train
02_02_00939,train
02_02_00942,train
02_02_00945,train
02_02_00946,train
02_02_00947,train
02_02_00948,train
02_02_00949,train
02_02_00950,train
02_02_00952,train
02_02_00953,train
02_02_00954,train
02_02_00955,train
02_02_00956,train
02_02_00957,train
02_02_00958,train
02_02_00961,train
02_02_00962,train
02_02_00963,train
02_02_00964,train
02_02_00965,train
02_02_00966,train
02_02_00969,train
02_02_00971,train
02_02_00972,train
02_02_00975,train
02_02_00976,train
02_02_00982,train
02_02_00985,train
02_02_00987,train
02_02_00988,train
02_02_00990,train
02_02_00993,train
02_02_00994,train
02_02_00999,train
02_02_01000,train
02_02_01007,train
02_02_01008,train
02_02_01009,train
02_02_01010,train
02_02_01012,train
02_02_01022,train
02_02_01025,train
02_02_01036,train
02_02_01042,train
02_02_01047,train
02_02_01049,train
02_02_01050,train
02_02_01051,train
02_02_01053,train
02_02_01057,train
02_02_01058,train
02_02_01062,train
02_02_01072,train
02_02_01073,train
02_02_01074,train
02_02_01076,train
02_02_01084,train
02_02_01085,train
02_02_01089,train
02_02_01090,train
02_02_01091,train
02_02_01092,train
02_02_01093,train
02_02_01094,train
02_02_01095,train
02_02_01096,train
02_02_01097,train
02_02_01099,train
02_02_01100,train
02_02_01101,train
02_02_01103,train
02_02_01107,train
02_02_01108,train
02_02_01109,train
02_02_01111,train
02_02_01113,train
02_02_01114,train
02_02_01115,train
02_02_01117,train
02_02_01119,train
02_02_01121,train
02_02_01123,train
02_02_01126,train
02_02_01127,train
02_02_01128,train
02_02_01129,train
02_02_01130,train
02_02_01134,train
02_02_01135,train
02_02_01139,train
02_02_01140,train
02_02_01141,train
02_02_01142,train
02_02_01143,train
02_02_01144,train
02_02_01145,train
02_02_01146,train
02_02_01147,train
02_02_01153,train
02_02_01155,train
02_02_01157,train
02_02_01159,train
02_02_01161,train
02_02_01162,train
02_02_01163,train
02_02_01164,train
02_02_01166,train
02_02_01167,train
02_02_01169,train
02_02_01170,train
02_02_01172,train
02_02_01173,train
02_02_01175,train
02_02_01176,train
02_02_01177,train
02_02_01178,train
02_02_01180,train
02_02_01181,train
02_02_01193,train
02_02_01196,train
02_02_01197,train
02_02_01200,train
02_02_01204,train
02_02_01206,train
02_02_01207,train
02_02_01208,train
02_02_01209,train
02_02_01217,train
02_02_01220,train
02_02_01222,train
02_02_01223,train
02_02_01226,train
02_02_01232,train
02_02_01233,train
02_02_01235,train
02_02_01237,train
02_02_01238,train
02_02_01239,train
02_02_01240,train
02_02_01242,train
02_02_01244,train
02_02_01245,train
02_02_01246,train
02_02_01250,train
02_02_01251,train
02_02_01253,train
02_02_01254,train
02_02_01255,train
02_02_01258,train
02_02_01259,train
02_02_01261,train
02_02_01262,train
02_02_01263,train
02_02_01266,train
02_02_01269,train
02_02_01277,train
02_02_01278,train
02_02_01279,train
02_02_01280,train
02_02_01281,train
02_02_01283,train
02_02_01284,train
02_02_01285,train
02_02_01291,train
02_02_01295,train
02_02_01296,train
02_02_01298,train
02_02_01299,train
02_02_01300,train
02_02_01306,train
02_02_01307,train
02_02_01309,train
02_02_01310,train
02_02_01311,train
02_02_01312,train
02_02_01313,train
02_02_01315,train
02_02_01318,train
02_02_01320,train
02_02_01321,train
02_02_01323,train
02_02_01324,train
02_02_01329,train
02_02_01332,train
02_02_01333,train
02_02_01335,train
02_02_01336,train
02_02_01339,train
02_02_01340,train
02_02_01341,train
02_02_01342,train
02_02_01343,train
02_02_01344,train
02_02_01346,train
02_02_01347,train
02_02_01349,train
02_02_01350,train
02_02_01351,train
02_02_01352,train
02_02_01354,train
02_02_01355,train
02_02_01356,train
02_02_01357,train
02_02_01360,train
02_02_01366,train
02_02_01370,train
02_02_01371,train
02_02_01372,train
02_02_01373,train
02_02_01376,train
02_02_01377,train
02_02_01381,train
02_02_01386,train
02_02_01390,train
02_02_01392,train
02_02_01394,train
02_02_01396,train
02_02_01397,train
02_02_01399,train
02_02_01400,train
02_02_01410,train
02_02_01415,train
02_02_01425,train
02_02_01429,train
02_02_01430,train
02_02_01435,train
02_02_01438,train
02_02_01442,train
02_02_01446,train
02_02_01447,train
02_02_01449,train
02_02_01452,train
02_02_01453,train
02_02_01456,train
02_02_01461,train
02_02_01462,train
02_02_01463,train
02_02_01467,train
02_02_01469,train
02_02_01470,train
02_02_01471,train
02_02_01473,train
02_02_01474,train
02_02_01480,train
02_02_01490,train
02_02_01491,train
02_02_01493,train
02_02_01494,train
02_02_01500,train
02_02_01502,train
02_02_01504,train
02_02_01508,train
02_02_01510,train
02_02_01518,train
02_02_01520,train
02_02_01522,train
02_02_01523,train
02_02_01524,train
02_02_01525,train
02_02_01526,train
02_02_01528,train
02_02_01532,train
02_02_01533,train
02_02_01534,train
02_02_01538,train
02_02_01539,train
02_02_01542,train
02_02_01548,train
02_02_01549,train
02_02_01551,train
02_02_01552,train
02_02_01553,train
02_02_01560,train
02_02_01561,train
02_02_01563,train
02_02_01566,train
02_02_01568,train
02_02_01569,train
02_02_01575,train
02_02_01576,train
02_02_01579,train
02_02_01583,train
02_02_01585,train
02_02_01587,train
02_02_01588,train
02_02_01589,train
02_02_01592,train
02_02_01593,train
02_02_01594,train
02_02_01602,train
02_02_01605,train
02_02_01606,train
02_02_01607,train
02_02_01608,train
02_02_01609,train
02_02_01610,train
02_02_01612,train
02_02_01613,train
02_02_01615,train
02_02_01616,train
02_02_01619,train
02_02_01621,train
02_02_01622,train
02_02_01626,train
02_02_01633,train
02_02_01634,train
02_02_01635,train
02_02_01641,train
02_02_01644,train
02_02_01647,train
02_02_01657,train
02_02_01660,train
02_02_01662,train
02_02_01663,train
02_02_01665,train
02_02_01666,train
02_02_01669,train
02_02_01672,train
02_02_01673,train
02_02_01674,train
02_02_01675,train
02_02_01676,train
02_02_01677,train
02_02_01678,train
02_02_01680,train
02_02_01684,train
02_02_01685,train
02_02_01687,train
02_02_01696,train
02_02_01697,train
02_02_01699,train
02_02_01703,train
02_02_01704,train
02_02_01709,train
02_02_01710,train
02_02_01713,train
02_02_01715,train
02_02_01718,train
02_02_01719,train
02_02_01721,train
02_02_01726,train
02_02_01727,train
02_02_01729,train
02_02_01731,train
02_02_01732,train
02_02_01734,train
02_02_01736,train
02_02_01738,train
02_02_01741,train
02_02_01743,train
02_02_01745,train
02_02_01746,train
02_02_01747,train
02_02_01748,train
02_02_01750,train
02_02_01751,train
02_02_01754,train
02_02_01755,train
02_02_01759,train
02_02_01762,train
02_02_01765,train
02_02_01768,train
02_02_01770,train
02_02_01771,train
02_02_01774,train
02_02_01777,train
02_02_01779,train
02_02_01784,train
02_02_01785,train
02_02_01786,train
02_02_01788,train
02_02_01789,train
02_02_01791,train
02_02_01795,train
02_02_01798,train
02_02_01801,train
02_02_01802,train
02_02_01805,train
02_02_01807,train
02_02_01811,train
02_02_01812,train
02_02_01813,train
02_02_01814,train
02_02_01815,train
02_02_01817,train
02_02_01818,train
02_02_01819,train
02_02_01820,train
02_02_01821,train
02_02_01823,train
02_02_01825,train
02_02_01827,train
02_02_01828,train
02_02_01829,train
02_02_01831,train
02_02_01832,train
02_02_01833,train
02_02_01838,train
02_02_01840,train
02_02_01841,train
02_02_01842,train
02_02_01843,train
02_02_01844,train
02_02_01846,train
02_02_01848,train
02_02_01850,train
02_02_01851,train
02_02_01852,train
02_02_01853,train
02_02_01854,train
02_02_01855,train
02_02_01856,train
02_02_01861,train
02_02_01863,train
02_02_01864,train
02_02_01870,train
02_02_01871,train
02_02_01872,train
02_02_01873,train
02_02_01879,train
02_02_01881,train
02_02_01886,train
02_02_01887,train
02_02_01888,train
02_02_01890,train
02_02_01891,train
02_02_01892,train
02_02_01894,train
02_02_01896,train
02_02_01898,train
02_02_01899,train
02_02_01900,train
02_02_01901,train
02_02_01903,train
02_02_01905,train
02_02_01907,train
02_02_01908,train
02_02_01912,train
02_02_01915,train
02_02_01916,train
02_02_01917,train
02_02_01918,train
02_02_01919,train
02_02_01929,train
02_02_01930,train
02_02_01931,train
02_02_01932,train
02_02_01934,train
02_02_01936,train
02_02_01937,train
02_02_01938,train
02_02_01939,train
02_02_01942,train
02_02_01944,train
02_02_01945,train
02_04_00001,train
02_04_00002,train
02_04_00003,train
02_04_00007,train
02_04_00008,train
02_04_00009,train
02_04_00012,train
02_04_00015,train
02_04_00017,train
02_04_00018,train
02_04_00020,train
02_04_00024,train
02_04_00026,train
02_04_00027,train
02_04_00028,train
02_04_00029,train
02_04_00030,train
02_04_00031,train
02_04_00032,train
02_04_00035,train
02_04_00039,train
02_04_00043,train
02_04_00045,train
02_04_00046,train
02_04_00050,train
02_04_00052,train
02_04_00055,train
02_04_00056,train
02_04_00057,train
02_04_00059,train
02_04_00060,train
02_04_00062,train
02_04_00064,train
02_04_00065,train
02_04_00071,train
02_04_00072,train
02_04_00074,train
02_04_00075,train
02_04_00076,train
02_04_00077,train
02_04_00078,train
02_04_00080,train
02_04_00082,train
02_04_00083,train
02_04_00084,train
02_04_00085,train
02_04_00088,train
02_04_00089,train
02_04_00093,train
02_04_00097,train
02_04_00099,train
02_04_00100,train
02_04_00102,train
02_04_00104,train
02_04_00106,train
02_04_00110,train
02_04_00111,train
02_04_00112,train
02_04_00113,train
02_04_00114,train
02_04_00115,train
02_04_00119,train
02_04_00120,train
02_04_00121,train
02_04_00122,train
02_04_00123,train
02_04_00126,train
02_04_00127,train
02_04_00128,train
02_04_00129,train
02_04_00134,train
02_04_00135,train
02_04_00136,train
02_04_00138,train
02_04_00139,train
02_04_00142,train
02_04_00143,train
02_04_00144,train
02_04_00145,train
02_04_00146,train
02_04_00149,train
02_04_00150,train
02_04_00151,train
02_04_00153,train
02_04_00154,train
02_04_00156,train
02_04_00157,train
02_04_00159,train
02_04_00160,train
02_04_00161,train
02_04_00162,train
02_04_00163,train
02_04_00165,train
02_04_00166,train
02_04_00167,train
02_04_00179,train
02_04_00180,train
02_04_00182,train
02_04_00183,train
02_04_00191,train
02_04_00193,train
02_04_00194,train
02_04_00197,train
02_04_00198,train
02_04_00199,train
02_04_00200,train
02_04_00201,train
02_04_00202,train
02_04_00206,train
02_04_00208,train
02_04_00209,train
02_04_00210,train
02_04_00213,train
02_04_00214,train
02_04_00217,train
02_04_00218,train
02_04_00219,train
02_04_00220,train
02_04_00222,train
02_04_00225,train
02_04_00226,train
02_04_00227,train
02_04_00228,train
02_04_00234,train
02_04_00238,train
02_04_00240,train
02_04_00241,train
02_04_00242,train
02_04_00243,train
02_04_00244,train
02_04_00247,train
02_04_00248,train
02_04_00249,train
02_04_00250,train
02_04_00252,train
02_04_00256,train
02_04_00259,train
02_04_00261,train
02_04_00262,train
02_04_00263,train
02_04_00264,train
02_04_00266,train
02_04_00267,train
02_04_00268,train
02_04_00269,train
02_04_00270,train
02_04_00271,train
02_04_00272,train
02_04_00273,train
02_04_00274,train
02_04_00275,train
02_04_00277,train
02_04_00282,train
02_04_00286,train
02_04_00287,train
02_04_00288,train
02_04_00290,train
02_04_00291,train
02_04_00293,train
02_04_00294,train
02_04_00297,train
02_04_00298,train
02_04_00305,train
02_04_00306,train
02_04_00308,train
02_04_00310,train
02_04_00312,train
02_04_00314,train
02_04_00315,train
02_04_00317,train
02_04_00320,train
02_04_00321,train
02_04_00322,train
02_04_00323,train
02_04_00327,train
02_04_00328,train
02_04_00329,train
02_04_00331,train
02_04_00332,train
02_04_00334,train
02_04_00335,train
02_04_00337,train
02_04_00338,train
02_04_00339,train
02_04_00340,train
02_04_00341,train
02_04_00342,train
02_04_00345,train
02_04_00348,train
02_04_00349,train
02_04_00350,train
02_04_00351,train
02_04_00354,train
02_04_00355,train
02_04_00357,train
02_04_00359,train
02_04_00360,train
02_04_00368,train
02_04_00369,train
02_04_00372,train
02_04_00373,train
02_04_00375,train
02_04_00379,train
02_04_00380,train
02_04_00383,train
02_04_00384,train
02_04_00387,train
02_04_00389,train
02_04_00390,train
02_04_00392,train
02_04_00393,train
02_04_00394,train
02_04_00395,train
02_04_00396,train
02_04_00397,train
02_04_00398,train
02_04_00399,train
02_04_00400,train
02_04_00403,train
02_04_00405,train
02_04_00406,train
02_04_00407,train
02_04_00408,train
02_04_00411,train
02_04_00412,train
02_04_00413,train
02_04_00415,train
02_04_00417,train
02_04_00419,train
02_04_00425,train
02_04_00427,train
02_04_00430,train
02_04_00431,train
02_04_00432,train
02_04_00433,train
02_04_00436,train
02_04_00440,train
02_04_00441,train
02_04_00443,train
02_04_00444,train
02_04_00445,train
02_04_00446,train
02_04_00447,train
02_04_00448,train
02_04_00450,train
02_04_00454,train
02_04_00457,train
02_04_00458,train
02_04_00459,train
02_04_00460,train
02_04_00461,train
02_04_00462,train
02_04_00464,train
02_04_00465,train
02_04_00467,train
02_04_00470,train
02_04_00471,train
02_04_00472,train
02_04_00473,train
02_04_00475,train
02_04_00476,train
02_04_00477,train
02_04_00479,train
02_04_00481,train
02_04_00487,train
02_04_00488,train
02_04_00489,train
02_04_00490,train
02_04_00491,train
02_04_00492,train
02_04_00493,train
02_04_00495,train
02_04_00497,train
02_04_00498,train
02_04_00507,train
02_04_00508,train
02_04_00511,train
02_04_00512,train
02_04_00513,train
02_04_00514,train
02_04_00515,train
02_04_00517,train
02_04_00520,train
02_04_00522,train
02_04_00524,train
02_04_00527,train
02_04_00531,train
02_04_00532,train
02_04_00533,train
02_04_00536,train
02_04_00538,train
02_04_00539,train
02_04_00542,train
02_04_00543,train
02_04_00546,train
02_04_00547,train
02_04_00548,train
02_04_00550,train
02_04_00553,train
02_04_00556,train
02_04_00557,train
02_04_00558,train
02_04_00560,train
02_04_00565,train
02_04_00566,train
02_04_00567,train
02_04_00568,train
02_04_00569,train
02_04_00571,train
02_04_00572,train
02_04_00574,train
02_04_00579,train
02_04_00581,train
02_04_00582,train
02_04_00584,train
02_04_00585,train
02_04_00586,train
02_04_00588,train
02_04_00590,train
02_04_00595,train
02_04_00599,train
02_04_00601,train
02_04_00602,train
02_04_00603,train
02_04_00605,train
02_04_00607,train
02_04_00612,train
02_04_00614,train
02_04_00616,train
02_04_00617,train
02_04_00623,train
02_04_00626,train
02_04_00630,train
02_04_00631,train
02_04_00632,train
02_04_00634,train
02_04_00635,train
02_04_00637,train
02_04_00638,train
02_04_00642,train
02_04_00643,train
02_04_00644,train
02_04_00648,train
02_04_00652,train
02_04_00653,train
02_04_00654,train
02_04_00656,train
02_04_00658,train
02_04_00659,train
02_04_00660,train
02_04_00661,train
02_04_00662,train
02_04_00667,train
02_04_00668,train
02_04_00669,train
02_04_00673,train
02_04_00674,train
02_04_00676,train
02_04_00678,train
02_04_00681,train
02_04_00685,train
02_04_00688,train
02_04_00689,train
02_04_00691,train
02_04_00698,train
02_04_00700,train
02_04_00703,train
02_04_00704,train
02_04_00705,train
02_04_00706,train
02_04_00712,train
02_04_00713,train
02_04_00723,train
02_04_00727,train
02_04_00728,train
02_04_00731,train
02_04_00734,train
02_04_00735,train
02_04_00738,train
02_04_00741,train
02_04_00743,train
02_04_00744,train
02_04_00745,train
02_04_00746,train
02_04_00747,train
02_04_00748,train
02_04_00749,train
02_04_00750,train
02_04_00751,train
02_04_00755,train
02_04_00756,train
02_04_00758,train
02_04_00761,train
02_04_00765,train
02_04_00768,train
02_04_00769,train
02_04_00771,train
02_04_00772,train
02_04_00773,train
02_04_00774,train
02_04_00776,train
02_04_00777,train
02_04_00778,train
02_04_00781,train
02_04_00783,train
02_04_00785,train
02_04_00786,train
02_04_00792,train
02_04_00794,train
02_04_00798,train
02_04_00799,train
02_04_00801,train
02_04_00803,train
02_04_00806,train
02_04_00807,train
02_04_00809,train
02_04_00810,train
02_04_00811,train
02_04_00815,train
02_04_00818,train
02_04_00819,train
02_04_00821,train
02_04_00825,train
02_04_00827,train
02_04_00829,train
02_04_00830,train
02_04_00832,train
02_04_00833,train
02_04_00834,train
02_04_00836,train
02_04_00839,train
02_04_00841,train
02_04_00846,train
02_04_00850,train
02_04_00853,train
02_04_00854,train
02_04_00855,train
02_04_00856,train
02_04_00859,train
02_04_00860,train
02_04_00862,train
02_04_00863,train
02_04_00864,train
02_04_00865,train
02_04_00867,train
02_04_00868,train
02_04_00869,train
02_04_00871,train
02_04_00876,train
02_04_00880,train
02_04_00881,train
02_04_00884,train
02_04_00886,train
02_04_00887,train
02_04_00888,train
02_04_00895,train
02_04_00896,train
02_04_00898,train
02_04_00899,train
02_04_00905,train
02_04_00908,train
02_04_00909,train
02_04_00911,train
02_04_00912,train
02_04_00913,train
02_04_00914,train
02_04_00918,train
02_04_00920,train
02_04_00921,train
02_04_00923,train
02_04_00925,train
02_04_00926,train
02_04_00930,train
02_04_00932,train
02_04_00933,train
02_04_00934,train
02_04_00935,train
02_04_00937,train
02_04_00938,train
02_04_00939,train
02_04_00940,train
02_04_00941,train
02_04_00942,train
02_04_00943,train
02_04_00944,train
02_04_00945,train
02_04_00946,train
02_04_00947,train
02_04_00948,train
02_04_00949,train
02_04_00950,train
02_04_00955,train
02_04_00960,train
02_04_00962,train
02_04_00964,train
02_04_00965,train
02_04_00968,train
02_04_00969,train
02_04_00971,train
02_04_00973,train
02_04_00975,train
02_04_00976,train
02_04_00980,train
02_04_00981,train
02_04_00982,train
02_04_00983,train
02_04_00984,train
02_04_00986,train
02_04_00987,train
02_04_00988,train
02_04_00990,train
02_04_00992,train
02_04_00994,train
02_04_00996,train
02_04_00998,train
02_04_00999,train
02_04_01002,train
02_04_01003,train
02_04_01005,train
02_04_01006,train
02_04_01007,train
02_04_01009,train
02_04_01011,train
02_04_01012,train
02_04_01014,train
02_04_01015,train
02_04_01016,train
02_04_01018,train
02_04_01019,train
02_04_01021,train
02_04_01022,train
02_04_01023,train
02_04_01025,train
02_04_01027,train
02_04_01028,train
02_04_01029,train
02_04_01030,train
02_04_01031,train
02_04_01032,train
02_04_01034,train
02_04_01037,train
02_04_01038,train
02_04_01043,train
02_04_01046,train
02_04_01047,train
02_04_01049,train
02_04_01050,train
02_04_01051,train
02_04_01054,train
02_04_01058,train
02_04_01059,train
02_04_01060,train
02_04_01061,train
02_04_01063,train
02_04_01069,train
02_04_01073,train
02_04_01074,train
02_04_01075,train
02_04_01077,train
02_04_01078,train
02_04_01081,train
02_04_01082,train
02_04_01083,train
02_04_01085,train
02_04_01087,train
02_04_01090,train
02_04_01091,train
02_04_01092,train
02_04_01093,train
02_04_01095,train
02_04_01096,train
02_04_01097,train
02_04_01099,train
02_04_01102,train
02_04_01103,train
02_04_01104,train
02_04_01106,train
02_04_01107,train
02_04_01111,train
02_04_01112,train
02_04_01114,train
02_04_01119,train
02_04_01123,train
02_04_01126,train
02_04_01127,train
02_04_01128,train
02_04_01133,train
02_04_01140,train
02_04_01143,train
02_04_01145,train
02_04_01147,train
02_04_01148,train
02_04_01150,train
02_04_01154,train
02_04_01155,train
02_04_01156,train
02_04_01157,train
02_04_01159,train
02_04_01162,train
02_04_01163,train
02_04_01164,train
02_04_01166,train
02_04_01167,train
02_04_01169,train
02_04_01171,train
02_04_01172,train
02_04_01174,train
02_04_01175,train
02_04_01176,train
02_04_01177,train
02_04_01178,train
02_04_01179,train
02_04_01180,train
02_04_01182,train
02_04_01184,train
02_04_01186,train
02_04_01187,train
02_04_01189,train
02_04_01190,train
02_04_01192,train
02_04_01193,train
02_04_01196,train
02_04_01198,train
02_04_01199,train
02_04_01202,train
02_04_01204,train
02_04_01206,train
02_04_01209,train
02_04_01211,train
02_04_01214,train
02_04_01215,train
02_04_01217,train
02_04_01218,train
02_04_01220,train
02_04_01225,train
02_04_01226,train
02_04_01227,train
02_04_01228,train
02_04_01230,train
02_04_01235,train
02_04_01236,train
02_04_01237,train
02_04_01238,train
02_04_01239,train
02_04_01240,train
02_04_01241,train
02_04_01242,train
02_04_01245,train
02_04_01247,train
02_04_01249,train
02_04_01250,train
02_04_01251,train
02_04_01252,train
02_04_01254,train
02_04_01256,train
02_04_01257,train
02_04_01259,train
02_04_01260,train
02_04_01261,train
02_04_01263,train
02_04_01268,train
02_04_01269,train
02_04_01272,train
02_04_01273,train
02_04_01276,train
02_04_01277,train
02_04_01279,train
02_04_01281,train
02_04_01282,train
02_04_01283,train
02_04_01286,train
02_04_01290,train
02_04_01292,train
02_04_01295,train
02_04_01299,train
02_04_01300,train
02_04_01302,train
02_04_01303,train
02_04_01304,train
02_04_01305,train
02_04_01306,train
02_04_01310,train
02_04_01312,train
02_04_01315,train
02_04_01318,train
02_04_01319,train
02_04_01320,train
02_04_01321,train
02_04_01324,train
02_04_01325,train
02_04_01327,train
02_04_01328,train
02_04_01329,train
02_04_01330,train
02_04_01331,train
02_04_01332,train
02_04_01334,train
02_04_01336,train
02_04_01337,train
02_04_01338,train
02_04_01339,train
02_04_01340,train
02_04_01343,train
02_04_01344,train
02_04_01345,train
02_04_01346,train
02_04_01354,train
02_04_01356,train
02_04_01357,train
02_04_01358,train
02_04_01359,train
02_04_01361,train
02_04_01362,train
02_04_01363,train
02_04_01364,train
02_04_01366,train
02_04_01367,train
02_04_01368,train
02_04_01369,train
02_04_01371,train
02_04_01374,train
02_04_01375,train
02_04_01377,train
02_04_01378,train
02_04_01381,train
02_04_01383,train
02_04_01384,train
02_04_01386,train
02_01_00018,train
02_01_00019,train
02_01_00021,train
02_01_00023,train
02_01_00029,train
02_01_00040,train
02_01_00043,train
02_01_00044,train
02_01_00046,train
02_01_00054,train
02_01_00055,train
02_01_00058,train
02_01_00061,train
02_01_00069,train
02_01_00071,train
02_01_00077,train
02_01_00079,train
02_01_00082,train
02_01_00098,train
02_01_00102,train
02_01_00106,train
02_01_00111,train
02_01_00116,train
02_01_00118,train
02_01_00119,train
02_01_00122,train
02_01_00128,train
02_01_00133,train
02_01_00138,train
02_01_00144,train
02_01_00145,train
02_01_00151,train
02_01_00154,train
02_01_00155,train
02_01_00169,train
02_01_00171,train
02_01_00183,train
02_01_00184,train
02_01_00185,train
02_01_00191,train
02_01_00202,train
02_01_00203,train
02_01_00209,train
02_01_00211,train
02_01_00214,train
02_01_00216,train
02_01_00221,train
02_01_00225,train
02_01_00228,train
02_01_00229,train
02_01_00232,train
02_01_00233,train
02_01_00234,train
02_01_00240,train
02_01_00241,train
02_01_00242,train
02_01_00254,train
02_01_00258,train
02_01_00263,train
02_01_00264,train
02_01_00268,train
02_01_00271,train
02_01_00273,train
02_01_00274,train
02_01_00277,train
02_01_00279,train
02_01_00281,train
02_01_00286,train
02_01_00287,train
02_01_00288,train
02_01_00289,train
02_01_00290,train
02_01_00291,train
02_01_00297,train
02_01_00313,train
02_01_00328,train
02_01_00329,train
02_01_00330,train
02_01_00334,train
02_01_00341,train
02_01_00345,train
02_01_00358,train
02_01_00360,train
02_01_00362,train
02_01_00363,train
02_01_00367,train
02_01_00372,train
02_01_00376,train
02_01_00378,train
02_01_00380,train
02_01_00382,train
02_01_00387,train
02_01_00392,train
02_01_00395,train
02_01_00396,train
02_01_00400,train
02_01_00403,train
02_01_00410,train
02_01_00413,train
02_01_00415,train
02_01_00420,train
02_01_00421,train
02_01_00425,train
02_01_00430,train
02_01_00444,train
02_01_00451,train
02_01_00455,train
02_01_00458,train
02_01_00459,train
02_01_00461,train
02_01_00462,train
02_01_00467,train
02_01_00482,train
02_01_00483,train
02_01_00489,train
02_01_00493,train
02_01_00495,train
02_01_00497,train
02_01_00510,train
02_01_00514,train
02_01_00517,train
02_01_00520,train
02_01_00523,train
02_01_00525,train
02_01_00526,train
02_01_00529,train
02_01_00532,train
02_01_00538,train
02_01_00545,train
02_01_00546,train
02_01_00548,train
02_01_00550,train
02_01_00551,train
02_01_00553,train
02_01_00554,train
02_01_00559,train
02_01_00563,train
02_01_00564,train
02_01_00566,train
02_01_00567,train
02_01_00569,train
02_01_00571,train
02_01_00573,train
02_01_00574,train
02_01_00579,train
02_01_00585,train
02_01_00586,train
02_01_00592,train
02_01_00598,train
02_01_00599,train
02_01_00601,train
02_01_00602,train
02_01_00603,train
02_01_00605,train
02_01_00607,train
02_01_00609,train
02_01_00610,train
02_01_00615,train
02_01_00619,train
02_01_00621,train
02_01_00623,train
02_01_00624,train
02_01_00627,train
02_01_00630,train
02_01_00633,train
02_01_00638,train
02_01_00642,train
02_01_00643,train
02_01_00644,train
02_01_00646,train
02_01_00650,train
02_01_00653,train
02_01_00654,train
02_01_00655,train
02_01_00656,train
02_01_00663,train
02_01_00665,train
02_01_00666,train
02_01_00669,train
02_01_00675,train
02_01_00681,train
02_01_00682,train
02_01_00688,train
02_01_00689,train
02_01_00690,train
02_01_00695,train
02_01_00696,train
02_01_00699,train
02_01_00703,train
02_01_00708,train
02_01_00709,train
02_01_00711,train
02_01_00714,train
02_01_00715,train
02_01_00716,train
02_01_00718,train
02_01_00722,train
02_01_00733,train
02_01_00734,train
02_01_00735,train
02_01_00739,train
02_01_00740,train
02_01_00741,train
02_01_00742,train
02_01_00743,train
02_01_00746,train
02_01_00747,train
02_01_00748,train
02_01_00751,train
02_01_00753,train
02_01_00754,train
02_01_00756,train
02_01_00758,train
02_01_00761,train
02_01_00763,train
02_01_00764,train
02_01_00767,train
02_01_00769,train
02_01_00770,train
02_01_00772,train
02_01_00773,train
02_01_00776,train
02_01_00778,train
02_01_00779,train
02_01_00782,train
02_01_00783,train
02_01_00784,train
02_01_00785,train
02_01_00788,train
02_01_00791,train
02_01_00793,train
02_01_00795,train
02_01_00796,train
02_01_00797,train
02_01_00803,train
02_01_00805,train
02_01_00806,train
02_01_00807,train
02_01_00808,train
02_01_00814,train
02_01_00815,train
02_01_00817,train
02_01_00818,train
02_01_00823,train
02_01_00826,train
02_01_00828,train
02_01_00829,train
02_01_00834,train
02_01_00835,train
02_01_00837,train
02_01_00838,train
02_01_00840,train
02_01_00844,train
02_01_00846,train
02_01_00847,train
02_01_00849,train
02_01_00851,train
02_01_00854,train
02_01_00857,train
02_01_00858,train
02_01_00862,train
02_01_00863,train
02_01_00864,train
02_01_00870,train
02_01_00876,train
02_01_00878,train
02_01_00879,train
02_01_00880,train
02_01_00883,train
02_01_00884,train
02_01_00885,train
02_01_00888,train
02_01_00893,train
02_01_00897,train
02_01_00898,train
02_01_00899,train
02_01_00904,train
02_01_00906,train
02_01_00912,train
02_01_00913,train
02_01_00923,train
02_01_00925,train
02_01_00927,train
02_01_00929,train
02_01_00931,train
02_01_00932,train
02_01_00934,train
02_01_00935,train
02_01_00937,train
02_01_00938,train
02_01_00943,train
02_01_00946,train
02_01_00950,train
02_01_00955,train
02_01_00956,train
02_01_00957,train
02_01_00959,train
02_01_00960,train
02_01_00962,train
02_01_00963,train
02_01_00965,train
02_01_00966,train
02_01_00968,train
02_01_00971,train
02_01_00979,train
02_01_00983,train
02_01_00985,train
02_01_00986,train
02_01_00995,train
02_01_00996,train
02_01_00999,train
02_01_01003,train
02_01_01005,train
02_01_01012,train
02_01_01015,train
02_01_01017,train
02_01_01020,train
02_01_01023,train
02_01_01026,train
02_01_01027,train
02_01_01028,train
02_01_01029,train
02_01_01030,train
02_01_01031,train
02_01_01032,train
02_01_01036,train
02_01_01049,train
02_01_01051,train
02_01_01065,train
02_01_01066,train
02_01_01068,train
02_01_01069,train
02_01_01071,train
02_01_01073,train
02_01_01074,train
02_01_01075,train
02_01_01076,train
02_01_01082,train
02_01_01083,train
02_01_01085,train
02_01_01086,train
02_01_01087,train
02_01_01088,train
02_01_01090,train
02_01_01092,train
02_01_01093,train
02_01_01096,train
02_01_01097,train
02_01_01099,train
02_01_01100,train
02_01_01102,train
02_01_01104,train
02_01_01107,train
02_01_01111,train
02_01_01113,train
02_01_01117,train
02_01_01118,train
02_01_01119,train
02_01_01121,train
02_01_01126,train
02_01_01127,train
02_01_01128,train
02_01_01129,train
02_01_01131,train
02_01_01134,train
02_01_01138,train
02_01_01139,train
02_01_01141,train
02_01_01142,train
02_01_01143,train
02_01_01145,train
02_01_01146,train
02_01_01147,train
02_01_01149,train
02_01_01150,train
02_01_01151,train
02_01_01153,train
02_01_01154,train
02_01_01155,train
02_01_01156,train
02_01_01157,train
02_01_01158,train
02_01_01162,train
02_01_01164,train
02_01_01167,train
02_01_01168,train
02_01_01171,train
02_01_01172,train
02_01_01177,train
02_01_01178,train
02_01_01183,train
02_01_01184,train
02_01_01190,train
02_01_01192,train
02_01_01197,train
02_01_01198,train
02_01_01199,train
02_01_01203,train
02_01_01210,train
02_01_01211,train
02_01_01213,train
02_01_01215,train
02_01_01216,train
02_01_01217,train
02_01_01218,train
02_01_01219,train
02_01_01222,train
02_01_01225,train
02_01_01228,train
02_01_01229,train
02_01_01232,train
02_01_01233,train
02_01_01234,train
02_01_01236,train
02_01_01237,train
02_01_01238,train
02_01_01239,train
02_01_01241,train
02_01_01242,train
02_01_01244,train
02_01_01247,train
02_01_01248,train
02_01_01249,train
02_01_01250,train
02_01_01253,train
02_01_01258,train
02_01_01261,train
02_01_01263,train
02_01_01266,train
02_01_01268,train
02_01_01271,train
02_01_01274,train
02_01_01275,train
02_01_01276,train
02_01_01277,train
02_01_01278,train
02_01_01280,train
02_01_01283,train
02_01_01291,train
02_01_01292,train
02_01_01293,train
02_01_01294,train
02_01_01297,train
02_01_01300,train
02_01_01306,train
02_01_01307,train
02_01_01311,train
02_01_01312,train
02_01_01316,train
02_01_01319,train
02_01_01320,train
02_01_01323,train
02_01_01324,train
02_01_01334,train
02_01_01336,train
02_01_01337,train
02_01_01343,train
02_01_01344,train
02_01_01349,train
02_01_01350,train
02_01_01353,train
02_01_01354,train
02_01_01359,train
02_01_01360,train
02_01_01361,train
02_01_01364,train
02_01_01365,train
02_01_01366,train
02_01_01368,train
02_01_01370,train
02_01_01378,train
02_01_01379,train
02_01_01380,train
02_01_01381,train
02_01_01385,train
02_01_01387,train
02_01_01389,train
02_01_01390,train
02_01_01394,train
02_01_01395,train
02_01_01401,train
02_01_01402,train
02_01_01403,train
02_01_01405,train
02_01_01409,train
02_01_01411,train
02_01_01413,train
02_01_01414,train
02_01_01416,train
02_02_00009,train
02_02_00044,train
02_02_00051,train
02_02_00052,train
02_02_00054,train
02_02_00063,train
02_02_00066,train
02_02_00072,train
02_02_00074,train
02_02_00088,train
02_02_00090,train
02_02_00101,train
02_02_00107,train
02_02_00110,train
02_02_00112,train
02_02_00121,train
02_02_00127,train
02_02_00128,train
02_02_00133,train
02_02_00138,train
02_02_00141,train
02_02_00143,train
02_02_00150,train
02_02_00152,train
02_02_00155,train
02_02_00158,train
02_02_00174,train
02_02_00175,train
02_02_00179,train
02_02_00180,train
02_02_00188,train
02_02_00193,train
02_02_00194,train
02_02_00196,train
02_02_00197,train
02_02_00199,train
02_02_00207,train
02_02_00218,train
02_02_00239,train
02_02_00248,train
02_02_00249,train
02_02_00260,train
02_02_00276,train
02_02_00280,train
02_02_00288,train
02_02_00289,train
02_02_00290,train
02_02_00291,train
02_02_00293,train
02_02_00294,train
02_02_00295,train
02_02_00296,train
02_02_00298,train
02_02_00300,train
02_02_00308,train
02_02_00309,train
02_02_00321,train
02_02_00322,train
02_02_00326,train
02_02_00350,train
02_02_00355,train
02_02_00362,train
02_02_00363,train
02_02_00370,train
02_02_00381,train
02_02_00385,train
02_02_00387,train
02_02_00401,train
02_02_00411,train
02_02_00412,train
02_02_00413,train
02_02_00414,train
02_02_00415,train
02_02_00424,train
02_02_00441,train
02_02_00464,train
02_02_00475,train
02_02_00476,train
02_02_00477,train
02_02_00478,train
02_02_00491,train
02_02_00501,train
02_02_00505,train
02_02_00508,train
02_02_00509,train
02_02_00513,train
02_02_00514,train
02_02_00519,train
02_02_00525,train
02_02_00527,train
02_02_00530,train
02_02_00531,train
02_02_00541,train
02_02_00542,train
02_02_00555,train
02_02_00569,train
02_02_00583,train
02_02_00613,train
02_02_00616,train
02_02_00623,train
02_02_00631,train
02_02_00635,train
02_02_00638,train
02_02_00660,train
02_02_00661,train
02_02_00666,train
02_02_00667,train
02_02_00671,train
02_02_00674,train
02_02_00681,train
02_02_00682,train
02_02_00684,train
02_02_00685,train
02_02_00688,train
02_02_00690,train
02_02_00696,train
02_02_00699,train
02_02_00714,train
02_02_00752,train
02_02_00755,train
02_02_00762,train
02_02_00763,train
02_02_00796,train
02_02_00805,train
02_02_00807,train
02_02_00813,train
02_02_00847,train
02_02_00849,train
02_02_00857,train
02_02_00870,train
02_02_00887,train
02_02_00902,train
02_02_00904,train
02_02_00905,train
02_02_00906,train
02_02_00908,train
02_02_00919,train
02_02_00920,train
02_02_00921,train
02_02_00922,train
02_02_00927,train
02_02_00931,train
02_02_00938,train
02_02_00940,train
02_02_00941,train
02_02_00944,train
02_02_00995,train
02_02_01023,train
02_02_01027,train
02_02_01030,train
02_02_01031,train
02_02_01052,train
02_02_01054,train
02_02_01060,train
02_02_01086,train
02_02_01098,train
02_02_01102,train
02_02_01110,train
02_02_01120,train
02_02_01124,train
02_02_01131,train
02_02_01133,train
02_02_01136,train
02_02_01154,train
02_02_01158,train
02_02_01168,train
02_02_01203,train
02_02_01219,train
02_02_01227,train
02_02_01228,train
02_02_01229,train
02_02_01260,train
02_02_01293,train
02_02_01294,train
02_02_01297,train
02_02_01325,train
02_02_01364,train
02_02_01368,train
02_02_01369,train
02_02_01374,train
02_02_01388,train
02_02_01398,train
02_02_01427,train
02_02_01432,train
02_02_01451,train
02_02_01460,train
02_02_01472,train
02_02_01475,train
02_02_01476,train
02_02_01486,train
02_02_01509,train
02_02_01527,train
02_02_01535,train
02_02_01536,train
02_02_01537,train
02_02_01546,train
02_02_01557,train
02_02_01564,train
02_02_01570,train
02_02_01574,train
02_02_01577,train
02_02_01590,train
02_02_01601,train
02_02_01643,train
02_02_01645,train
02_02_01658,train
02_02_01667,train
02_02_01668,train
02_02_01688,train
02_02_01701,train
02_02_01702,train
02_02_01705,train
02_02_01706,train
02_02_01711,train
02_02_01717,train
02_02_01728,train
02_02_01730,train
02_02_01735,train
02_02_01737,train
02_02_01742,train
02_02_01763,train
02_02_01764,train
02_02_01767,train
02_02_01772,train
02_02_01776,train
02_02_01782,train
02_02_01783,train
02_02_01787,train
02_02_01790,train
02_02_01793,train
02_02_01794,train
02_02_01796,train
02_02_01797,train
02_02_01803,train
02_02_01804,train
02_02_01826,train
02_02_01830,train
02_02_01839,train
02_02_01910,train
02_02_01914,train
02_02_01933,train
02_02_01935,train
02_02_01949,train
02_02_01955,train
02_02_01958,train
02_02_01988,train
02_02_01989,train
02_02_01991,train
02_02_02015,train
02_02_02016,train
02_02_02017,train
02_02_02019,train
02_02_02020,train
02_02_02025,train
02_02_02028,train
02_02_02033,train
02_02_02043,train
02_02_02044,train
02_02_02045,train
02_02_02046,train
02_02_02051,train
02_02_02052,train
02_02_02054,train
02_02_02057,train
02_02_02069,train
02_02_02070,train
02_02_02076,train
02_02_02077,train
02_02_02078,train
02_02_02079,train
02_02_02082,train
02_02_02086,train
02_02_02088,train
02_02_02089,train
02_02_02090,train
02_02_02093,train
02_02_02095,train
02_02_02101,train
02_02_02109,train
02_02_02112,train
02_02_02118,train
02_02_02119,train
02_02_02120,train
02_04_00004,train
02_04_00005,train
02_04_00006,train
02_04_00011,train
02_04_00013,train
02_04_00014,train
02_04_00016,train
02_04_00019,train
02_04_00022,train
02_04_00025,train
02_04_00033,train
02_04_00034,train
02_04_00036,train
02_04_00037,train
02_04_00038,train
02_04_00040,train
02_04_00041,train
02_04_00042,train
02_04_00048,train
02_04_00049,train
02_04_00051,train
02_04_00054,train
02_04_00058,train
02_04_00061,train
02_04_00063,train
02_04_00066,train
02_04_00067,train
02_04_00068,train
02_04_00069,train
02_04_00070,train
02_04_00073,train
02_04_00079,train
02_04_00081,train
02_04_00086,train
02_04_00087,train
02_04_00090,train
02_04_00091,train
02_04_00092,train
02_04_00094,train
02_04_00095,train
02_04_00096,train
02_04_00098,train
02_04_00101,train
02_04_00105,train
02_04_00107,train
02_04_00118,train
02_04_00124,train
02_04_00125,train
02_04_00130,train
02_04_00131,train
02_04_00133,train
02_04_00141,train
02_04_00147,train
02_04_00148,train
02_04_00152,train
02_04_00155,train
02_04_00158,train
02_04_00164,train
02_04_00168,train
02_04_00169,train
02_04_00170,train
02_04_00171,train
02_04_00172,train
02_04_00173,train
02_04_00174,train
02_04_00175,train
02_04_00176,train
02_04_00177,train
02_04_00178,train
02_04_00181,train
02_04_00184,train
02_04_00185,train
02_04_00186,train
02_04_00187,train
02_04_00188,train
02_04_00189,train
02_04_00190,train
02_04_00192,train
02_04_00195,train
02_04_00196,train
02_04_00203,train
02_04_00204,train
02_04_00205,train
02_04_00207,train
02_04_00211,train
02_04_00212,train
02_04_00215,train
02_04_00216,train
02_04_00221,train
02_04_00223,train
02_04_00224,train
02_04_00229,train
02_04_00231,train
02_04_00232,train
02_04_00235,train
02_04_00236,train
02_04_00237,train
02_04_00246,train
02_04_00251,train
02_04_00253,train
02_04_00254,train
02_04_00255,train
02_04_00257,train
02_04_00258,train
02_04_00260,train
02_04_00265,train
02_04_00276,train
02_04_00278,train
02_04_00280,train
02_04_00281,train
02_04_00283,train
02_04_00284,train
02_04_00285,train
02_04_00289,train
02_04_00292,train
02_04_00295,train
02_04_00296,train
02_04_00299,train
02_04_00300,train
02_04_00301,train
02_04_00303,train
02_04_00304,train
02_04_00307,train
02_04_00309,train
02_04_00311,train
02_04_00316,train
02_04_00318,train
02_04_00319,train
02_04_00325,train
02_04_00326,train
02_04_00333,train
02_04_00336,train
02_04_00343,train
02_04_00344,train
02_04_00346,train
02_04_00347,train
02_04_00352,train
02_04_00353,train
02_04_00356,train
02_04_00358,train
02_04_00362,train
02_04_00363,train
02_04_00364,train
02_04_00365,train
02_04_00366,train
02_04_00367,train
02_04_00370,train
02_04_00371,train
02_04_00374,train
02_04_00376,train
02_04_00377,train
02_04_00378,train
02_04_00381,train
02_04_00382,train
02_04_00385,train
02_04_00386,train
02_04_00391,train
02_04_00401,train
02_04_00402,train
02_04_00409,train
02_04_00414,train
02_04_00420,train
02_04_00421,train
02_04_00422,train
02_04_00423,train
02_04_00424,train
02_04_00426,train
02_04_00429,train
02_04_00438,train
02_04_00442,train
02_04_00452,train
02_04_00453,train
02_04_00456,train
02_04_00463,train
02_04_00466,train
02_04_00468,train
02_04_00469,train
02_04_00474,train
02_04_00478,train
02_04_00483,train
02_04_00485,train
02_04_00486,train
02_04_00494,train
02_04_00496,train
02_04_00499,train
02_04_00500,train
02_04_00501,train
02_04_00502,train
02_04_00503,train
02_04_00504,train
02_04_00505,train
02_04_00506,train
02_04_00509,train
02_04_00510,train
02_04_00516,train
02_04_00519,train
02_04_00521,train
02_04_00525,train
02_04_00526,train
02_04_00528,train
02_04_00529,train
02_04_00530,train
02_04_00534,train
02_04_00535,train
02_04_00537,train
02_04_00540,train
02_04_00541,train
02_04_00544,train
02_04_00545,train
02_04_00551,train
02_04_00552,train
02_04_00555,train
02_04_00561,train
02_04_00562,train
02_04_00563,train
02_04_00564,train
02_04_00570,train
02_04_00573,train
02_04_00575,train
02_04_00576,train
02_04_00577,train
02_04_00578,train
02_04_00580,train
02_04_00583,train
02_04_00587,train
02_04_00589,train
02_04_00591,train
02_04_00593,train
02_04_00594,train
02_04_00596,train
02_04_00597,train
02_04_00598,train
02_04_00600,train
02_04_00604,train
02_04_00606,train
02_04_00608,train
02_04_00609,train
02_04_00610,train
02_04_00611,train
02_04_00613,train
02_04_00615,train
02_04_00618,train
02_04_00619,train
02_04_00620,train
02_04_00621,train
02_04_00622,train
02_04_00624,train
02_04_00627,train
02_04_00629,train
02_04_00639,train
02_04_00640,train
02_04_00641,train
02_04_00645,train
02_04_00646,train
02_04_00647,train
02_04_00649,train
02_04_00650,train
02_04_00655,train
02_04_00657,train
02_04_00664,train
02_04_00665,train
02_04_00666,train
02_04_00670,train
02_04_00671,train
02_04_00672,train
02_04_00675,train
02_04_00677,train
02_04_00679,train
02_04_00682,train
02_04_00683,train
02_04_00687,train
02_04_00690,train
02_04_00693,train
02_04_00694,train
02_04_00695,train
02_04_00696,train
02_04_00697,train
02_04_00699,train
02_04_00701,train
02_04_00708,train
02_04_00710,train
02_04_00711,train
02_04_00714,train
02_04_00715,train
02_04_00716,train
02_04_00717,train
02_04_00718,train
02_04_00719,train
02_04_00720,train
02_04_00721,train
02_04_00722,train
02_04_00724,train
02_04_00725,train
02_04_00726,train
02_04_00729,train
02_04_00732,train
02_04_00733,train
02_04_00736,train
02_04_00737,train
02_04_00739,train
02_04_00740,train
02_04_00742,train
02_04_00753,train
02_04_00754,train
02_04_00757,train
02_04_00759,train
02_04_00760,train
02_04_00762,train
02_04_00763,train
02_04_00766,train
02_04_00770,train
02_04_00775,train
02_04_00779,train
02_04_00780,train
02_04_00782,train
02_04_00784,train
02_04_00787,train
02_04_00788,train
02_04_00789,train
02_04_00790,train
02_04_00791,train
02_04_00793,train
02_04_00797,train
02_04_00802,train
02_04_00804,train
02_04_00805,train
02_04_00808,train
02_04_00812,train
02_04_00813,train
02_04_00814,train
02_04_00820,train
02_04_00822,train
02_04_00823,train
02_04_00824,train
02_04_00826,train
02_04_00828,train
02_04_00831,train
02_04_00835,train
02_04_00837,train
02_04_00838,train
02_04_00840,train
02_04_00843,train
02_04_00844,train
02_04_00845,train
02_04_00847,train
02_04_00848,train
02_04_00849,train
02_04_00851,train
02_04_00852,train
02_04_00857,train
02_04_00872,train
02_04_00873,train
02_04_00874,train
02_04_00875,train
02_04_00877,train
02_04_00878,train
02_04_00879,train
02_04_00882,train
02_04_00889,train
02_04_00890,train
02_04_00891,train
02_04_00892,train
02_04_00893,train
02_04_00894,train
02_04_00897,train
02_04_00901,train
02_04_00902,train
02_04_00903,train
02_04_00904,train
02_04_00907,train
02_04_00910,train
02_04_00915,train
02_04_00916,train
02_04_00917,train
02_04_00919,train
02_04_00922,train
02_04_00924,train
02_04_00928,train
02_04_00929,train
02_04_00931,train
02_04_00951,train
02_04_00952,train
02_04_00953,train
02_04_00954,train
02_04_00957,train
02_04_00959,train
02_04_00961,train
02_04_00972,train
02_04_00974,train
02_04_00979,train
02_04_00985,train
02_04_00989,train
02_04_00991,train
02_04_00993,train
02_04_00995,train
02_04_00997,train
02_04_01000,train
02_04_01001,train
02_04_01004,train
02_04_01008,train
02_04_01010,train
02_04_01013,train
02_04_01017,train
02_04_01020,train
02_04_01033,train
02_04_01035,train
02_04_01036,train
02_04_01039,train
02_04_01040,train
02_04_01041,train
02_04_01042,train
02_04_01048,train
02_04_01052,train
02_04_01053,train
02_04_01055,train
02_04_01056,train
02_04_01057,train
02_04_01062,train
02_04_01064,train
02_04_01066,train
02_04_01067,train
02_04_01068,train
02_04_01070,train
02_04_01079,train
02_04_01084,train
02_04_01094,train
02_04_01100,train
02_04_01101,train
02_04_01105,train
02_04_01108,train
02_04_01109,train
02_04_01110,train
02_04_01113,train
02_04_01115,train
02_04_01116,train
02_04_01117,train
02_04_01118,train
02_04_01120,train
02_04_01122,train
02_04_01124,train
02_04_01125,train
02_04_01129,train
02_04_01130,train
02_04_01131,train
02_04_01132,train
02_04_01134,train
02_04_01135,train
02_04_01136,train
02_04_01137,train
02_04_01138,train
02_04_01141,train
02_04_01142,train
02_04_01146,train
02_04_01149,train
02_04_01151,train
02_04_01152,train
02_04_01158,train
02_04_01160,train
02_04_01161,train
02_04_01165,train
02_04_01168,train
02_04_01173,train
02_04_01181,train
02_04_01183,train
02_04_01188,train
02_04_01191,train
02_04_01194,train
02_04_01195,train
02_04_01197,train
02_04_01200,train
02_04_01203,train
02_04_01205,train
02_04_01207,train
02_04_01210,train
02_04_01212,train
02_04_01216,train
02_04_01219,train
02_04_01222,train
02_04_01223,train
02_04_01231,train
02_04_01232,train
02_04_01233,train
02_04_01234,train
02_04_01243,train
02_04_01248,train
02_04_01253,train
02_04_01255,train
02_04_01258,train
02_04_01262,train
02_04_01265,train
02_04_01266,train
02_04_01270,train
02_04_01278,train
02_04_01280,train
02_04_01284,train
02_04_01285,train
02_04_01289,train
02_04_01291,train
02_04_01293,train
02_04_01294,train
02_04_01296,train
02_04_01297,train
02_04_01298,train
02_04_01301,train
02_04_01307,train
02_04_01308,train
02_04_01309,train
02_04_01311,train
02_04_01314,train
02_04_01322,train
02_04_01333,train
02_04_01335,train
02_04_01341,train
02_04_01342,train
02_04_01347,train
02_04_01348,train
02_04_01349,train
02_04_01350,train
02_04_01351,train
02_04_01352,train
02_04_01353,train
02_04_01355,train
02_04_01360,train
02_04_01365,train
02_04_01370,train
02_04_01373,train
02_04_01379,train
02_04_01380,train
02_04_01382,train
02_01_00921,valid
02_01_00936,valid
02_01_00945,valid
02_01_00948,valid
02_01_00953,valid
02_01_00967,valid
02_01_00977,valid
02_01_00987,valid
02_01_00991,valid
02_01_00993,valid
02_01_01009,valid
02_01_01011,valid
02_01_01018,valid
02_01_01022,valid
02_01_01047,valid
02_01_01173,valid
02_01_01303,valid
02_02_01809,valid
02_02_01837,valid
02_02_01845,valid
02_02_01880,valid
02_02_01893,valid
02_02_01904,valid
02_02_01928,valid
02_02_01981,valid
02_02_01986,valid
02_02_01994,valid
02_02_02067,valid
02_02_02190,valid
02_02_02201,valid
02_02_02216,valid
02_02_02217,valid
02_02_02226,valid
02_02_02269,valid
02_04_01271,valid
02_04_01274,valid
02_04_01275,valid
02_04_01287,valid
02_04_01288,valid
02_04_01313,valid
02_04_01316,valid
02_04_01317,valid
02_04_01323,valid
02_04_01326,valid
02_04_01390,valid
02_04_01399,valid
02_04_01435,valid
02_04_01437,valid
02_01_01338,valid
02_01_01341,valid
02_01_01342,valid
02_01_01346,valid
02_01_01347,valid
02_01_01348,valid
02_01_01351,valid
02_01_01352,valid
02_01_01355,valid
02_01_01356,valid
02_01_01358,valid
02_01_01362,valid
02_01_01363,valid
02_01_01367,valid
02_01_01369,valid
02_01_01371,valid
02_01_01373,valid
02_01_01374,valid
02_01_01375,valid
02_01_01376,valid
02_01_01377,valid
02_01_01383,valid
02_01_01384,valid
02_01_01386,valid
02_01_01388,valid
02_01_01391,valid
02_01_01392,valid
02_01_01396,valid
02_01_01397,valid
02_01_01398,valid
02_01_01399,valid
02_01_01400,valid
02_01_01404,valid
02_01_01406,valid
02_01_01407,valid
02_01_01408,valid
02_01_01410,valid
02_01_01412,valid
02_01_01418,valid
02_01_01422,valid
02_01_01423,valid
02_01_01425,valid
02_01_01426,valid
02_01_01427,valid
02_01_01428,valid
02_01_01429,valid
02_01_01430,valid
02_01_01431,valid
02_01_01433,valid
02_01_01434,valid
02_01_01436,valid
02_01_01437,valid
02_01_01439,valid
02_01_01442,valid
02_01_01445,valid
02_01_01447,valid
02_01_01450,valid
02_01_01451,valid
02_01_01453,valid
02_01_01460,valid
02_01_01464,valid
02_01_01465,valid
02_01_01467,valid
02_01_01471,valid
02_01_01472,valid
02_01_01473,valid
02_01_01476,valid
02_01_01478,valid
02_01_01479,valid
02_01_01480,valid
02_01_01482,valid
02_01_01484,valid
02_01_01489,valid
02_01_01490,valid
02_01_01493,valid
02_01_01494,valid
02_01_01495,valid
02_01_01496,valid
02_01_01498,valid
02_01_01499,valid
02_01_01504,valid
02_01_01508,valid
02_01_01510,valid
02_01_01511,valid
02_01_01512,valid
02_01_01516,valid
02_01_01517,valid
02_01_01518,valid
02_01_01519,valid
02_01_01520,valid
02_02_01946,valid
02_02_01947,valid
02_02_01953,valid
02_02_01954,valid
02_02_01957,valid
02_02_01959,valid
02_02_01960,valid
02_02_01962,valid
02_02_01963,valid
02_02_01966,valid
02_02_01967,valid
02_02_01972,valid
02_02_01976,valid
02_02_01982,valid
02_02_01983,valid
02_02_01984,valid
02_02_01985,valid
02_02_01987,valid
02_02_01990,valid
02_02_01992,valid
02_02_01997,valid
02_02_01998,valid
02_02_02003,valid
02_02_02005,valid
02_02_02013,valid
02_02_02014,valid
02_02_02018,valid
02_02_02021,valid
02_02_02022,valid
02_02_02024,valid
02_02_02026,valid
02_02_02029,valid
02_02_02030,valid
02_02_02031,valid
02_02_02034,valid
02_02_02035,valid
02_02_02036,valid
02_02_02038,valid
02_02_02039,valid
02_02_02047,valid
02_02_02048,valid
02_02_02049,valid
02_02_02053,valid
02_02_02055,valid
02_02_02056,valid
02_02_02058,valid
02_02_02061,valid
02_02_02062,valid
02_02_02063,valid
02_02_02071,valid
02_02_02074,valid
02_02_02075,valid
02_02_02080,valid
02_02_02083,valid
02_02_02084,valid
02_02_02087,valid
02_02_02091,valid
02_02_02092,valid
02_02_02097,valid
02_02_02098,valid
02_02_02102,valid
02_02_02103,valid
02_02_02104,valid
02_02_02106,valid
02_02_02107,valid
02_02_02108,valid
02_02_02110,valid
02_02_02111,valid
02_02_02113,valid
02_02_02114,valid
02_02_02115,valid
02_02_02116,valid
02_02_02117,valid
02_02_02121,valid
02_02_02122,valid
02_02_02124,valid
02_02_02125,valid
02_02_02127,valid
02_02_02130,valid
02_02_02131,valid
02_02_02133,valid
02_02_02135,valid
02_02_02137,valid
02_02_02138,valid
02_02_02139,valid
02_02_02141,valid
02_02_02145,valid
02_02_02148,valid
02_02_02149,valid
02_02_02150,valid
02_02_02155,valid
02_02_02157,valid
02_02_02158,valid
02_02_02159,valid
02_02_02160,valid
02_02_02162,valid
02_02_02168,valid
02_02_02171,valid
02_02_02172,valid
02_02_02174,valid
02_02_02175,valid
02_02_02176,valid
02_02_02177,valid
02_02_02179,valid
02_02_02187,valid
02_02_02188,valid
02_02_02196,valid
02_02_02197,valid
02_02_02198,valid
02_02_02199,valid
02_02_02200,valid
02_02_02203,valid
02_02_02204,valid
02_02_02206,valid
02_02_02211,valid
02_02_02212,valid
02_02_02214,valid
02_02_02215,valid
02_02_02218,valid
02_02_02219,valid
02_02_02220,valid
02_02_02221,valid
02_04_01387,valid
02_04_01388,valid
02_04_01391,valid
02_04_01394,valid
02_04_01395,valid
02_04_01396,valid
02_04_01398,valid
02_04_01401,valid
02_04_01404,valid
02_04_01406,valid
02_04_01408,valid
02_04_01409,valid
02_04_01410,valid
02_04_01411,valid
02_04_01412,valid
02_04_01413,valid
02_04_01414,valid
02_04_01415,valid
02_04_01417,valid
02_04_01422,valid
02_04_01423,valid
02_04_01424,valid
02_04_01429,valid
02_04_01433,valid
02_04_01434,valid
02_04_01436,valid
02_04_01438,valid
02_04_01439,valid
02_04_01440,valid
02_04_01441,valid
02_04_01442,valid
02_04_01443,valid
02_04_01447,valid
02_04_01448,valid
02_04_01449,valid
02_04_01450,valid
02_04_01452,valid
02_04_01453,valid
02_04_01455,valid
02_04_01456,valid
02_04_01457,valid
02_04_01458,valid
02_04_01460,valid
02_04_01461,valid
02_04_01462,valid
02_04_01463,valid
02_04_01464,valid
02_04_01465,valid
02_04_01466,valid
02_04_01468,valid
02_04_01469,valid
02_04_01470,valid
02_04_01471,valid
02_04_01472,valid
02_04_01473,valid
02_04_01474,valid
02_04_01475,valid
02_04_01479,valid
02_04_01480,valid
02_04_01484,valid
02_04_01486,valid
02_04_01487,valid
02_04_01488,valid
02_04_01490,valid
02_04_01491,valid
02_04_01492,valid
02_04_01493,valid
02_04_01494,valid
02_04_01495,valid
02_04_01496,valid
02_04_01498,valid
02_04_01499,valid
02_04_01500,valid
02_04_01501,valid
02_04_01507,valid
02_04_01508,valid
02_04_01509,valid
02_04_01513,valid
02_04_01514,valid
02_04_01515,valid
02_04_01516,valid
02_04_01518,valid
02_04_01519,valid
02_04_01520,valid
02_04_01522,valid
02_04_01523,valid
02_04_01524,valid
02_04_01530,valid
02_04_01531,valid
02_04_01532,valid
02_04_01536,valid
02_01_01417,valid
02_01_01420,valid
02_01_01421,valid
02_01_01424,valid
02_01_01432,valid
02_01_01435,valid
02_01_01438,valid
02_01_01440,valid
02_01_01441,valid
02_01_01443,valid
02_01_01444,valid
02_01_01446,valid
02_01_01448,valid
02_01_01449,valid
02_01_01454,valid
02_01_01455,valid
02_01_01456,valid
02_01_01457,valid
02_01_01458,valid
02_01_01459,valid
02_01_01461,valid
02_01_01462,valid
02_01_01466,valid
02_01_01468,valid
02_01_01469,valid
02_01_01474,valid
02_01_01475,valid
02_01_01477,valid
02_01_01481,valid
02_01_01483,valid
02_01_01485,valid
02_01_01486,valid
02_01_01488,valid
02_01_01491,valid
02_01_01492,valid
02_01_01497,valid
02_01_01500,valid
02_01_01501,valid
02_01_01502,valid
02_01_01503,valid
02_01_01505,valid
02_01_01506,valid
02_01_01507,valid
02_01_01509,valid
02_01_01514,valid
02_01_01515,valid
02_01_01521,valid
02_01_01522,valid
02_01_01530,valid
02_01_01531,valid
02_01_01534,valid
02_01_01536,valid
02_01_01541,valid
02_01_01542,valid
02_01_01543,valid
02_01_01545,valid
02_01_01547,valid
02_01_01549,valid
02_01_01551,valid
02_01_01552,valid
02_01_01555,valid
02_02_02123,valid
02_02_02126,valid
02_02_02128,valid
02_02_02129,valid
02_02_02132,valid
02_02_02143,valid
02_02_02156,valid
02_02_02161,valid
02_02_02181,valid
02_02_02185,valid
02_02_02189,valid
02_02_02207,valid
02_02_02223,valid
02_02_02235,valid
02_02_02237,valid
02_02_02239,valid
02_02_02252,valid
02_02_02260,valid
02_02_02264,valid
02_02_02266,valid
02_02_02270,valid
02_02_02283,valid
02_02_02286,valid
02_02_02291,valid
02_02_02292,valid
02_02_02293,valid
02_02_02295,valid
02_02_02298,valid
02_02_02309,valid
02_02_02313,valid
02_02_02327,valid
02_02_02335,valid
02_02_02351,valid
02_02_02364,valid
02_02_02366,valid
02_02_02367,valid
02_02_02370,valid
02_04_01385,valid
02_04_01389,valid
02_04_01392,valid
02_04_01393,valid
02_04_01397,valid
02_04_01400,valid
02_04_01402,valid
02_04_01403,valid
02_04_01405,valid
02_04_01407,valid
02_04_01416,valid
02_04_01418,valid
02_04_01419,valid
02_04_01420,valid
02_04_01421,valid
02_04_01425,valid
02_04_01426,valid
02_04_01428,valid
02_04_01430,valid
02_04_01431,valid
02_04_01444,valid
02_04_01445,valid
02_04_01446,valid
02_04_01451,valid
02_04_01454,valid
02_04_01459,valid
02_04_01467,valid
02_04_01476,valid
02_04_01477,valid
02_04_01478,valid
02_04_01481,valid
02_04_01482,valid
02_04_01483,valid
02_04_01485,valid
02_04_01489,valid
02_04_01503,valid
02_04_01504,valid
02_04_01510,valid
02_04_01511,valid
02_04_01517,valid
02_04_01525,valid
02_04_01527,valid
02_04_01529,valid
02_04_01534,valid
02_04_01540,valid
02_04_01542,valid
02_04_01543,valid
02_04_01544,valid
02_04_01545,valid
02_04_01546,valid
02_04_01549,valid
02_04_01553,valid
02_04_01554,valid
02_04_01562,valid
02_04_01565,valid
02_04_01570,valid
02_04_01578,valid
02_04_01583,valid
02_04_01587,valid
02_04_01588,valid
02_04_01590,valid
02_04_01591,valid
02_04_01592,valid
02_04_01593,valid
02_04_01601,valid
02_04_01603,valid
02_04_01604,valid
02_01_01326,test
02_01_01339,test
02_01_01340,test
02_01_01345,test
02_01_01357,test
02_01_01372,test
02_01_01382,test
02_01_01393,test
02_01_01452,test
02_01_01463,test
02_01_01487,test
02_01_01513,test
02_01_01528,test
02_01_01553,test
02_01_01600,test
02_01_01653,test
02_01_01664,test
02_02_02277,test
02_02_02287,test
02_02_02290,test
02_02_02303,test
02_02_02307,test
02_02_02325,test
02_02_02329,test
02_02_02341,test
02_02_02342,test
02_02_02345,test
02_02_02347,test
02_02_02348,test
02_02_02355,test
02_02_02394,test
02_02_02420,test
02_02_02434,test
02_02_02458,test
02_04_01497,test
02_04_01505,test
02_04_01512,test
02_04_01521,test
02_04_01526,test
02_04_01528,test
02_04_01533,test
02_04_01535,test
02_04_01566,test
02_04_01576,test
02_04_01622,test
02_04_01644,test
02_04_01667,test
02_04_01682,test
02_01_01523,test
02_01_01524,test
02_01_01525,test
02_01_01526,test
02_01_01527,test
02_01_01529,test
02_01_01532,test
02_01_01533,test
02_01_01535,test
02_01_01537,test
02_01_01538,test
02_01_01539,test
02_01_01540,test
02_01_01544,test
02_01_01546,test
02_01_01548,test
02_01_01550,test
02_01_01554,test
02_01_01556,test
02_01_01557,test
02_01_01560,test
02_01_01561,test
02_01_01563,test
02_01_01565,test
02_01_01566,test
02_01_01567,test
02_01_01569,test
02_01_01570,test
02_01_01571,test
02_01_01573,test
02_01_01577,test
02_01_01578,test
02_01_01580,test
02_01_01581,test
02_01_01583,test
02_01_01586,test
02_01_01588,test
02_01_01589,test
02_01_01591,test
02_01_01592,test
02_01_01593,test
02_01_01595,test
02_01_01599,test
02_01_01601,test
02_01_01602,test
02_01_01603,test
02_01_01609,test
02_01_01612,test
02_01_01613,test
02_01_01615,test
02_01_01619,test
02_01_01620,test
02_01_01621,test
02_01_01622,test
02_01_01624,test
02_01_01627,test
02_01_01631,test
02_01_01633,test
02_01_01637,test
02_01_01638,test
02_01_01639,test
02_01_01640,test
02_01_01641,test
02_01_01642,test
02_01_01643,test
02_01_01644,test
02_01_01645,test
02_01_01646,test
02_01_01647,test
02_01_01648,test
02_01_01649,test
02_01_01651,test
02_01_01652,test
02_01_01654,test
02_01_01659,test
02_01_01661,test
02_01_01662,test
02_01_01666,test
02_01_01674,test
02_01_01675,test
02_01_01680,test
02_01_01681,test
02_01_01682,test
02_01_01683,test
02_01_01684,test
02_01_01685,test
02_01_01686,test
02_01_01687,test
02_01_01688,test
02_01_01691,test
02_02_02224,test
02_02_02227,test
02_02_02229,test
02_02_02231,test
02_02_02232,test
02_02_02233,test
02_02_02234,test
02_02_02238,test
02_02_02240,test
02_02_02241,test
02_02_02243,test
02_02_02244,test
02_02_02245,test
02_02_02246,test
02_02_02247,test
02_02_02249,test
02_02_02250,test
02_02_02254,test
02_02_02255,test
02_02_02256,test
02_02_02257,test
02_02_02258,test
02_02_02259,test
02_02_02261,test
02_02_02262,test
02_02_02265,test
02_02_02268,test
02_02_02273,test
02_02_02274,test
02_02_02275,test
02_02_02276,test
02_02_02278,test
02_02_02279,test
02_02_02280,test
02_02_02288,test
02_02_02296,test
02_02_02297,test
02_02_02299,test
02_02_02300,test
02_02_02301,test
02_02_02302,test
02_02_02305,test
02_02_02306,test
02_02_02308,test
02_02_02311,test
02_02_02321,test
02_02_02322,test
02_02_02324,test
02_02_02326,test
02_02_02328,test
02_02_02330,test
02_02_02331,test
02_02_02332,test
02_02_02333,test
02_02_02334,test
02_02_02336,test
02_02_02337,test
02_02_02338,test
02_02_02339,test
02_02_02343,test
02_02_02346,test
02_02_02349,test
02_02_02350,test
02_02_02352,test
02_02_02353,test
02_02_02354,test
02_02_02356,test
02_02_02357,test
02_02_02359,test
02_02_02360,test
02_02_02361,test
02_02_02362,test
02_02_02363,test
02_02_02365,test
02_02_02368,test
02_02_02369,test
02_02_02372,test
02_02_02374,test
02_02_02380,test
02_02_02382,test
02_02_02383,test
02_02_02385,test
02_02_02387,test
02_02_02388,test
02_02_02389,test
02_02_02395,test
02_02_02396,test
02_02_02400,test
02_02_02401,test
02_02_02402,test
02_02_02404,test
02_02_02408,test
02_02_02410,test
02_02_02414,test
02_02_02415,test
02_02_02416,test
02_02_02417,test
02_02_02419,test
02_02_02421,test
02_02_02423,test
02_02_02424,test
02_02_02425,test
02_02_02427,test
02_02_02431,test
02_02_02432,test
02_02_02435,test
02_02_02436,test
02_02_02440,test
02_02_02443,test
02_02_02447,test
02_02_02449,test
02_02_02450,test
02_02_02451,test
02_02_02456,test
02_02_02457,test
02_02_02461,test
02_02_02463,test
02_02_02465,test
02_02_02468,test
02_02_02469,test
02_02_02470,test
02_02_02471,test
02_04_01537,test
02_04_01538,test
02_04_01539,test
02_04_01541,test
02_04_01547,test
02_04_01548,test
02_04_01550,test
02_04_01551,test
02_04_01552,test
02_04_01555,test
02_04_01556,test
02_04_01557,test
02_04_01558,test
02_04_01559,test
02_04_01560,test
02_04_01561,test
02_04_01563,test
02_04_01567,test
02_04_01568,test
02_04_01569,test
02_04_01572,test
02_04_01573,test
02_04_01574,test
02_04_01575,test
02_04_01579,test
02_04_01580,test
02_04_01581,test
02_04_01582,test
02_04_01585,test
02_04_01586,test
02_04_01589,test
02_04_01594,test
02_04_01595,test
02_04_01596,test
02_04_01597,test
02_04_01598,test
02_04_01599,test
02_04_01600,test
02_04_01602,test
02_04_01605,test
02_04_01608,test
02_04_01609,test
02_04_01611,test
02_04_01617,test
02_04_01618,test
02_04_01619,test
02_04_01620,test
02_04_01623,test
02_04_01624,test
02_04_01627,test
02_04_01628,test
02_04_01629,test
02_04_01630,test
02_04_01631,test
02_04_01633,test
02_04_01635,test
02_04_01637,test
02_04_01638,test
02_04_01639,test
02_04_01641,test
02_04_01642,test
02_04_01645,test
02_04_01646,test
02_04_01647,test
02_04_01648,test
02_04_01650,test
02_04_01652,test
02_04_01653,test
02_04_01654,test
02_04_01656,test
02_04_01660,test
02_04_01661,test
02_04_01662,test
02_04_01664,test
02_04_01665,test
02_04_01666,test
02_04_01669,test
02_04_01670,test
02_04_01679,test
02_04_01691,test
02_04_01692,test
02_04_01693,test
02_04_01701,test
02_04_01702,test
02_04_01704,test
02_04_01709,test
02_04_01716,test
02_04_01717,test
02_04_01718,test
02_04_01719,test
02_04_01723,test
02_01_01558,test
02_01_01559,test
02_01_01562,test
02_01_01564,test
02_01_01568,test
02_01_01572,test
02_01_01574,test
02_01_01575,test
02_01_01576,test
02_01_01579,test
02_01_01582,test
02_01_01584,test
02_01_01585,test
02_01_01587,test
02_01_01590,test
02_01_01594,test
02_01_01596,test
02_01_01597,test
02_01_01598,test
02_01_01604,test
02_01_01605,test
02_01_01606,test
02_01_01607,test
02_01_01608,test
02_01_01610,test
02_01_01611,test
02_01_01614,test
02_01_01616,test
02_01_01617,test
02_01_01618,test
02_01_01623,test
02_01_01625,test
02_01_01626,test
02_01_01628,test
02_01_01629,test
02_01_01630,test
02_01_01632,test
02_01_01634,test
02_01_01635,test
02_01_01636,test
02_01_01650,test
02_01_01655,test
02_01_01656,test
02_01_01657,test
02_01_01658,test
02_01_01660,test
02_01_01663,test
02_01_01665,test
02_01_01667,test
02_01_01668,test
02_01_01669,test
02_01_01670,test
02_01_01671,test
02_01_01672,test
02_01_01673,test
02_01_01676,test
02_01_01677,test
02_01_01678,test
02_01_01679,test
02_01_01689,test
02_01_01690,test
02_02_02371,test
02_02_02373,test
02_02_02375,test
02_02_02376,test
02_02_02377,test
02_02_02378,test
02_02_02386,test
02_02_02390,test
02_02_02391,test
02_02_02393,test
02_02_02397,test
02_02_02398,test
02_02_02399,test
02_02_02406,test
02_02_02407,test
02_02_02412,test
02_02_02413,test
02_02_02426,test
02_02_02428,test
02_02_02430,test
02_02_02433,test
02_02_02437,test
02_02_02438,test
02_02_02439,test
02_02_02442,test
02_02_02444,test
02_02_02445,test
02_02_02446,test
02_02_02448,test
02_02_02452,test
02_02_02454,test
02_02_02460,test
02_02_02462,test
02_02_02464,test
02_02_02472,test
02_02_02473,test
02_02_02474,test
02_04_01606,test
02_04_01607,test
02_04_01610,test
02_04_01612,test
02_04_01613,test
02_04_01614,test
02_04_01615,test
02_04_01616,test
02_04_01621,test
02_04_01625,test
02_04_01626,test
02_04_01634,test
02_04_01640,test
02_04_01643,test
02_04_01649,test
02_04_01651,test
02_04_01655,test
02_04_01657,test
02_04_01658,test
02_04_01659,test
02_04_01663,test
02_04_01668,test
02_04_01671,test
02_04_01672,test
02_04_01673,test
02_04_01674,test
02_04_01675,test
02_04_01676,test
02_04_01677,test
02_04_01678,test
02_04_01680,test
02_04_01681,test
02_04_01683,test
02_04_01684,test
02_04_01685,test
02_04_01686,test
02_04_01687,test
02_04_01688,test
02_04_01689,test
02_04_01690,test
02_04_01694,test
02_04_01695,test
02_04_01696,test
02_04_01697,test
02_04_01698,test
02_04_01699,test
02_04_01700,test
02_04_01703,test
02_04_01705,test
02_04_01706,test
02_04_01707,test
02_04_01708,test
02_04_01710,test
02_04_01711,test
02_04_01712,test
02_04_01713,test
02_04_01714,test
02_04_01715,test
02_04_01720,test
02_04_01721,test
02_04_01722,test
02_04_01724,test
02_04_01725,test
02_04_01726,test
02_04_01727,test
02_04_01728,test
02_04_01729,test
